{"0.0": {"precision": 0.8932859800439709, "recall": 0.9997160972839974, "f1-score": 0.9435091323181352, "support": 10567, "avg_prec": 0.9250198065099052}, "1.0": {"precision": 0.6666666666666666, "recall": 0.00473186119873817, "f1-score": 0.009397024275646046, "support": 1268, "avg_prec": 0.19733307808942652}, "accuracy": 0.893113645965357, "macro avg": {"precision": 0.7799763233553187, "recall": 0.5022239792413677, "f1-score": 0.4764530782968906, "support": 11835, "avg_prec": 0.5611764422996659}, "weighted avg": {"precision": 0.8690060231903654, "recall": 0.893113645965357, "f1-score": 0.8434285110255391, "support": 11835}}