{"0.0": {"precision": 0.899093760892297, "recall": 0.97643607457178, "f1-score": 0.9361702127659575, "support": 10567, "avg_prec": 0.906102987654557}, "1.0": {"precision": 0.3064066852367688, "recall": 0.08675078864353312, "f1-score": 0.1352181929932391, "support": 1268, "avg_prec": 0.14257478499100848}, "accuracy": 0.8811153358681876, "macro avg": {"precision": 0.6027502230645329, "recall": 0.5315934316076566, "f1-score": 0.5356942028795982, "support": 11835, "avg_prec": 0.5243388863227827}, "weighted avg": {"precision": 0.8355933627570026, "recall": 0.8811153358681876, "f1-score": 0.8503563419529615, "support": 11835}}