{"0.0": {"precision": 0.8932194792018938, "recall": 0.9998107315226649, "f1-score": 0.9435141772717124, "support": 10567, "avg_prec": 0.9286334888067311}, "1.0": {"precision": 0.7142857142857143, "recall": 0.003943217665615142, "f1-score": 0.00784313725490196, "support": 1268, "avg_prec": 0.20510076031900032}, "accuracy": 0.893113645965357, "macro avg": {"precision": 0.8037525967438041, "recall": 0.50187697459414, "f1-score": 0.47567865726330716, "support": 11835, "avg_prec": 0.5668671245628657}, "weighted avg": {"precision": 0.8740485443549385, "recall": 0.893113645965357, "f1-score": 0.8432665322576596, "support": 11835}}