{"0.0": {"precision": 0.8955249276841926, "recall": 0.9961199962146304, "f1-score": 0.9431477084360019, "support": 10567, "avg_prec": 0.9106188545409006}, "1.0": {"precision": 0.49382716049382713, "recall": 0.031545741324921134, "f1-score": 0.05930318754633061, "support": 1268, "avg_prec": 0.15405967073338378}, "accuracy": 0.8927756653992396, "macro avg": {"precision": 0.6946760440890098, "recall": 0.5138328687697757, "f1-score": 0.5012254479911663, "support": 11835, "avg_prec": 0.5323392626371422}, "weighted avg": {"precision": 0.8524870933962853, "recall": 0.8927756653992396, "f1-score": 0.8484527483609615, "support": 11835}}