{"0.0": {"precision": 0.6674364896073903, "recall": 0.9145569620253164, "f1-score": 0.7716955941255007, "support": 1896, "avg_prec": 0.7430355079207387}, "1.0": {"precision": 0.7774725274725275, "recall": 0.3958041958041958, "f1-score": 0.5245597775718257, "support": 1430, "avg_prec": 0.7132484835497748}, "accuracy": 0.6915213469633193, "macro avg": {"precision": 0.722454508539959, "recall": 0.6551805789147561, "f1-score": 0.6481276858486632, "support": 3326, "avg_prec": 0.7281419957352567}, "weighted avg": {"precision": 0.7147460308422507, "recall": 0.6915213469633193, "f1-score": 0.6654405677659831, "support": 3326}}