{"0.0": {"precision": 0.6727912431587177, "recall": 0.9077004219409283, "f1-score": 0.772788504714863, "support": 1896, "avg_prec": 0.743244827171376}, "1.0": {"precision": 0.7721354166666666, "recall": 0.41468531468531467, "f1-score": 0.5395814376706097, "support": 1430, "avg_prec": 0.719840906204787}, "accuracy": 0.6957306073361396, "macro avg": {"precision": 0.7224633299126921, "recall": 0.6611928683131214, "f1-score": 0.6561849711927363, "support": 3326, "avg_prec": 0.7315428666880814}, "weighted avg": {"precision": 0.7155038613536567, "recall": 0.6957306073361396, "f1-score": 0.6725220868335394, "support": 3326}}