{"0.0": {"precision": 0.647544366487825, "recall": 0.8275316455696202, "f1-score": 0.7265570733966195, "support": 1896, "avg_prec": 0.6609184461948763}, "1.0": {"precision": 0.6378737541528239, "recall": 0.4027972027972028, "f1-score": 0.49378482640377197, "support": 1430, "avg_prec": 0.6191353617058845}, "accuracy": 0.6449188214070956, "macro avg": {"precision": 0.6427090603203245, "recall": 0.6151644241834116, "f1-score": 0.6101709499001957, "support": 3326, "avg_prec": 0.6400269039503803}, "weighted avg": {"precision": 0.6433865265482425, "recall": 0.6449188214070956, "f1-score": 0.6264776046053471, "support": 3326}}