{"0.0": {"precision": 0.6560636182902585, "recall": 0.870253164556962, "f1-score": 0.7481296758104738, "support": 1896, "avg_prec": 0.6814227071406422}, "1.0": {"precision": 0.6966707768187423, "recall": 0.3951048951048951, "f1-score": 0.5042391789379741, "support": 1430, "avg_prec": 0.6257324505636612}, "accuracy": 0.6659651232711966, "macro avg": {"precision": 0.6763671975545005, "recall": 0.6326790298309286, "f1-score": 0.626184427374224, "support": 3326, "avg_prec": 0.6535775788521517}, "weighted avg": {"precision": 0.673522498836179, "recall": 0.6659651232711966, "f1-score": 0.6432699612802049, "support": 3326}}