{"0.0": {"precision": 0.9610543597227289, "recall": 0.9971609728399735, "f1-score": 0.9787747898379081, "support": 10567, "avg_prec": 0.9945305863659487}, "1.0": {"precision": 0.965556831228473, "recall": 0.6632492113564669, "f1-score": 0.7863487611033192, "support": 1268, "avg_prec": 0.9229633332168315}, "accuracy": 0.9613857203210815, "macro avg": {"precision": 0.9633055954756009, "recall": 0.8302050920982202, "f1-score": 0.8825617754706137, "support": 11835, "avg_prec": 0.9587469597913901}, "weighted avg": {"precision": 0.9615367537970242, "recall": 0.9613857203210815, "f1-score": 0.9581582960115068, "support": 11835}}