{"0.0": {"precision": 0.9602661077189465, "recall": 0.9971609728399735, "f1-score": 0.9783658310120705, "support": 10567, "avg_prec": 0.9936910187571375}, "1.0": {"precision": 0.9651972157772621, "recall": 0.6561514195583596, "f1-score": 0.7812206572769954, "support": 1268, "avg_prec": 0.9004116600128532}, "accuracy": 0.9606252640473173, "macro avg": {"precision": 0.9627316617481043, "recall": 0.8266561961991665, "f1-score": 0.879793244144533, "support": 11835, "avg_prec": 0.9470513393849953}, "weighted avg": {"precision": 0.9607944258446707, "recall": 0.9606252640473173, "f1-score": 0.9572437287479324, "support": 11835}}