{"0.0": {"precision": 0.9844549763033176, "recall": 0.9828712028011735, "f1-score": 0.9836624520528484, "support": 10567, "avg_prec": 0.9922737697219972}, "1.0": {"precision": 0.8591439688715953, "recall": 0.8706624605678234, "f1-score": 0.8648648648648649, "support": 1268, "avg_prec": 0.927888402157508}, "accuracy": 0.9708491761723701, "macro avg": {"precision": 0.9217994725874564, "recall": 0.9267668316844984, "f1-score": 0.9242636584588566, "support": 11835, "avg_prec": 0.9600810859397526}, "weighted avg": {"precision": 0.9710291750846083, "recall": 0.9708491761723701, "f1-score": 0.9709344976333839, "support": 11835}}