{"0.0": {"precision": 0.9561785519869352, "recall": 0.9973502413173087, "f1-score": 0.976330538700264, "support": 10567, "avg_prec": 0.9950523665678074}, "1.0": {"precision": 0.965559655596556, "recall": 0.6190851735015773, "f1-score": 0.7544449783757811, "support": 1268, "avg_prec": 0.9199525422795296}, "accuracy": 0.956822982678496, "macro avg": {"precision": 0.9608691037917456, "recall": 0.808217707409443, "f1-score": 0.8653877585380225, "support": 11835, "avg_prec": 0.9575024544236685}, "weighted avg": {"precision": 0.9571836419216204, "recall": 0.956822982678496, "f1-score": 0.9525577553887774, "support": 11835}}