{"0.0": {"precision": 0.9841751160807354, "recall": 0.9828712028011735, "f1-score": 0.9835227272727274, "support": 10567, "avg_prec": 0.991292701814649}, "1.0": {"precision": 0.858814352574103, "recall": 0.8682965299684543, "f1-score": 0.8635294117647059, "support": 1268, "avg_prec": 0.8838863265438155}, "accuracy": 0.970595690747782, "macro avg": {"precision": 0.9214947343274191, "recall": 0.9255838663848139, "f1-score": 0.9235260695187166, "support": 11835, "avg_prec": 0.9375895141792323}, "weighted avg": {"precision": 0.9707439840041481, "recall": 0.970595690747782, "f1-score": 0.970666662713017, "support": 11835}}