{"0.0": {"precision": 0.9781716417910448, "recall": 0.9923346266679285, "f1-score": 0.985202236106544, "support": 10567, "avg_prec": 0.9916873310201015}, "1.0": {"precision": 0.9273542600896861, "recall": 0.8154574132492114, "f1-score": 0.8678136802349978, "support": 1268, "avg_prec": 0.8905464479719157}, "accuracy": 0.973384030418251, "macro avg": {"precision": 0.9527629509403654, "recall": 0.9038960199585699, "f1-score": 0.9265079581707709, "support": 11835, "avg_prec": 0.9411168894960087}, "weighted avg": {"precision": 0.9727270756738227, "recall": 0.973384030418251, "f1-score": 0.9726252450761156, "support": 11835}}