{"0.0": {"precision": 0.9785367674505413, "recall": 0.9923346266679285, "f1-score": 0.9853873983930838, "support": 10567, "avg_prec": 0.9926773790655791}, "1.0": {"precision": 0.9276139410187667, "recall": 0.8186119873817035, "f1-score": 0.8697109342270632, "support": 1268, "avg_prec": 0.9292005039228516}, "accuracy": 0.9737220109843684, "macro avg": {"precision": 0.953075354234654, "recall": 0.905473307024816, "f1-score": 0.9275491663100734, "support": 11835, "avg_prec": 0.9609389414942153}, "weighted avg": {"precision": 0.9730809040018308, "recall": 0.9737220109843684, "f1-score": 0.9729938405931248, "support": 11835}}