{"0.0": {"precision": 0.9552252333907368, "recall": 0.9973502413173087, "f1-score": 0.9758333333333334, "support": 10567, "avg_prec": 0.9942642147166948}, "1.0": {"precision": 0.9650872817955112, "recall": 0.610410094637224, "f1-score": 0.7478260869565218, "support": 1268, "avg_prec": 0.9009725243503892}, "accuracy": 0.955893536121673, "macro avg": {"precision": 0.960156257593124, "recall": 0.8038801679772662, "f1-score": 0.8618297101449276, "support": 11835, "avg_prec": 0.9476183695335421}, "weighted avg": {"precision": 0.9562818516735635, "recall": 0.955893536121673, "f1-score": 0.9514046735609805, "support": 11835}}