{"0.0": {"precision": 0.9542181069958847, "recall": 0.9783755274261603, "f1-score": 0.9661458333333334, "support": 1896, "avg_prec": 0.9933371752539231}, "1.0": {"precision": 0.9703328509406657, "recall": 0.9377622377622378, "f1-score": 0.9537695590327169, "support": 1430, "avg_prec": 0.9901161636692279}, "accuracy": 0.9609140108238123, "macro avg": {"precision": 0.9622754789682753, "recall": 0.958068882594199, "f1-score": 0.9599576961830252, "support": 3326, "avg_prec": 0.9917266694615755}, "weighted avg": {"precision": 0.9611465747773149, "recall": 0.9609140108238123, "f1-score": 0.9608247051764236, "support": 3326}}