{"0.0": {"precision": 0.9497693490517684, "recall": 0.9773206751054853, "f1-score": 0.9633480634260462, "support": 1896, "avg_prec": 0.9924474325938089}, "1.0": {"precision": 0.9687272727272728, "recall": 0.9314685314685315, "f1-score": 0.9497326203208556, "support": 1430, "avg_prec": 0.9888729137900516}, "accuracy": 0.9576067348165965, "macro avg": {"precision": 0.9592483108895206, "recall": 0.9543946032870083, "f1-score": 0.9565403418734508, "support": 3326, "avg_prec": 0.9906601731919302}, "weighted avg": {"precision": 0.9579202302471896, "recall": 0.9576067348165965, "f1-score": 0.9574941597458229, "support": 3326}}