{"0.0": {"precision": 0.9605194805194806, "recall": 0.9752109704641351, "f1-score": 0.9678094739596964, "support": 1896, "avg_prec": 0.9891872583247724}, "1.0": {"precision": 0.966452533904354, "recall": 0.9468531468531468, "f1-score": 0.9565524549629106, "support": 1430, "avg_prec": 0.9877632778950605}, "accuracy": 0.9630186410102225, "macro avg": {"precision": 0.9634860072119174, "recall": 0.9610320586586409, "f1-score": 0.9621809644613035, "support": 3326, "avg_prec": 0.9884752681099165}, "weighted avg": {"precision": 0.9630703723836926, "recall": 0.9630186410102225, "f1-score": 0.9629695650103868, "support": 3326}}