{"0.0": {"precision": 0.960539979231568, "recall": 0.9757383966244726, "f1-score": 0.9680795395081109, "support": 1896, "avg_prec": 0.9926405551411195}, "1.0": {"precision": 0.9671428571428572, "recall": 0.9468531468531468, "f1-score": 0.9568904593639576, "support": 1430, "avg_prec": 0.9928509811795756}, "accuracy": 0.963319302465424, "macro avg": {"precision": 0.9638414181872126, "recall": 0.9612957717388098, "f1-score": 0.9624849994360343, "support": 3326, "avg_prec": 0.9927457681603475}, "weighted avg": {"precision": 0.9633788593918636, "recall": 0.963319302465424, "f1-score": 0.9632688405886463, "support": 3326}}