{"0.0": {"precision": 0.965950759559979, "recall": 0.9725738396624473, "f1-score": 0.9692509855453351, "support": 1896, "avg_prec": 0.9839269561287782}, "1.0": {"precision": 0.963302752293578, "recall": 0.9545454545454546, "f1-score": 0.958904109589041, "support": 1430, "avg_prec": 0.9835697748088155}, "accuracy": 0.9648226097414312, "macro avg": {"precision": 0.9646267559267785, "recall": 0.9635596471039509, "f1-score": 0.9640775475671881, "support": 3326, "avg_prec": 0.9837483654687968}, "weighted avg": {"precision": 0.9648122597430958, "recall": 0.9648226097414312, "f1-score": 0.9648023888473495, "support": 3326}}