{"0.0": {"precision": 0.9552469135802469, "recall": 0.9794303797468354, "f1-score": 0.9671875, "support": 1896, "avg_prec": 0.9954705884103809}, "1.0": {"precision": 0.9717800289435601, "recall": 0.9391608391608391, "f1-score": 0.9551920341394027, "support": 1430, "avg_prec": 0.993042242711793}, "accuracy": 0.9621166566446182, "macro avg": {"precision": 0.9635134712619036, "recall": 0.9592956094538373, "f1-score": 0.9611897670697014, "support": 3326, "avg_prec": 0.9942564155610869}, "weighted avg": {"precision": 0.9623552584297773, "recall": 0.9621166566446182, "f1-score": 0.962030098863303, "support": 3326}}