{"0.0": {"precision": 0.9528205128205128, "recall": 0.979957805907173, "f1-score": 0.9661986479459177, "support": 1896, "avg_prec": 0.9943978213224469}, "1.0": {"precision": 0.9723837209302325, "recall": 0.9356643356643357, "f1-score": 0.9536707056307913, "support": 1430, "avg_prec": 0.9914917926844985}, "accuracy": 0.9609140108238123, "macro avg": {"precision": 0.9626021168753727, "recall": 0.9578110707857543, "f1-score": 0.9599346767883545, "support": 3326, "avg_prec": 0.9929448070034728}, "weighted avg": {"precision": 0.961231633565221, "recall": 0.9609140108238123, "f1-score": 0.9608123107508995, "support": 3326}}