{"0.0": {"precision": 0.992839645750895, "recall": 0.997255607078641, "f1-score": 0.9950427269722865, "support": 10567, "avg_prec": 0.9997323606043456}, "1.0": {"precision": 0.9762489762489762, "recall": 0.9400630914826499, "f1-score": 0.9578143832864604, "support": 1268, "avg_prec": 0.9938503711257377}, "accuracy": 0.991128010139417, "macro avg": {"precision": 0.9845443109999357, "recall": 0.9686593492806455, "f1-score": 0.9764285551293734, "support": 11835, "avg_prec": 0.9967913658650416}, "weighted avg": {"precision": 0.9910621240839382, "recall": 0.991128010139417, "f1-score": 0.9910540882064539, "support": 11835}}