{"0.0": {"precision": 0.9918883229579325, "recall": 0.995173653827955, "f1-score": 0.9935282724739005, "support": 10567, "avg_prec": 0.999527783702784}, "1.0": {"precision": 0.9586374695863747, "recall": 0.9321766561514195, "f1-score": 0.9452219112355059, "support": 1268, "avg_prec": 0.9816585330963565}, "accuracy": 0.9884241656104774, "macro avg": {"precision": 0.9752628962721537, "recall": 0.9636751549896873, "f1-score": 0.9693750918547033, "support": 11835, "avg_prec": 0.9905931583995702}, "weighted avg": {"precision": 0.9883258318658213, "recall": 0.9884241656104774, "f1-score": 0.9883527366859594, "support": 11835}}