{"0.0": {"precision": 0.9793064876957495, "recall": 0.9942273114412794, "f1-score": 0.9867104954214605, "support": 10567, "avg_prec": 0.9995830307156812}, "1.0": {"precision": 0.9448961156278229, "recall": 0.8249211356466877, "f1-score": 0.8808421052631578, "support": 1268, "avg_prec": 0.9712096926908398}, "accuracy": 0.9760878749471905, "macro avg": {"precision": 0.9621013016617862, "recall": 0.9095742235439835, "f1-score": 0.9337763003423092, "support": 11835, "avg_prec": 0.9853963617032605}, "weighted avg": {"precision": 0.9756197659566594, "recall": 0.9760878749471905, "f1-score": 0.9753677730960927, "support": 11835}}