{"0.0": {"precision": 0.9880639097744361, "recall": 0.9948897511119523, "f1-score": 0.9914650822841514, "support": 10567, "avg_prec": 0.9994011261248744}, "1.0": {"precision": 0.9548117154811715, "recall": 0.8998422712933754, "f1-score": 0.9265123832724319, "support": 1268, "avg_prec": 0.9749570425722675}, "accuracy": 0.9847063793831855, "macro avg": {"precision": 0.9714378126278038, "recall": 0.9473660112026638, "f1-score": 0.9589887327782917, "support": 11835, "avg_prec": 0.9871790843485709}, "weighted avg": {"precision": 0.9845012750161887, "recall": 0.9847063793831855, "f1-score": 0.984506060539592, "support": 11835}}