{"0.0": {"precision": 0.9963137996219281, "recall": 0.9975395097946437, "f1-score": 0.9969262779590485, "support": 10567, "avg_prec": 0.9997877278362871}, "1.0": {"precision": 0.9792828685258964, "recall": 0.9692429022082019, "f1-score": 0.9742370194213237, "support": 1268, "avg_prec": 0.9973536789204211}, "accuracy": 0.9945078158005914, "macro avg": {"precision": 0.9877983340739123, "recall": 0.9833912060014227, "f1-score": 0.985581648690186, "support": 11835, "avg_prec": 0.9985707033783542}, "weighted avg": {"precision": 0.994489108398458, "recall": 0.9945078158005914, "f1-score": 0.9944953544418679, "support": 11835}}