{"0.0": {"precision": 0.9792987691160014, "recall": 0.9938487744866092, "f1-score": 0.9865201258747827, "support": 10567, "avg_prec": 0.9992624665234106}, "1.0": {"precision": 0.9414941494149415, "recall": 0.8249211356466877, "f1-score": 0.8793610760823876, "support": 1268, "avg_prec": 0.9572175752362444}, "accuracy": 0.9757498943810731, "macro avg": {"precision": 0.9603964592654715, "recall": 0.9093849550666484, "f1-score": 0.9329406009785851, "support": 11835, "avg_prec": 0.9782400208798274}, "weighted avg": {"precision": 0.9752483882304126, "recall": 0.9757498943810731, "f1-score": 0.9750391224834216, "support": 11835}}