{"0.0": {"precision": 0.9831681316626145, "recall": 0.9949843853506198, "f1-score": 0.989040967028832, "support": 10567, "avg_prec": 0.9996817319429175}, "1.0": {"precision": 0.9535495179666958, "recall": 0.8580441640378549, "f1-score": 0.9032793690327936, "support": 1268, "avg_prec": 0.9782171851369065}, "accuracy": 0.9803126320236586, "macro avg": {"precision": 0.9683588248146552, "recall": 0.9265142746942374, "f1-score": 0.9461601680308128, "support": 11835, "avg_prec": 0.988949458539912}, "weighted avg": {"precision": 0.9799947981462288, "recall": 0.9803126320236586, "f1-score": 0.9798524831877695, "support": 11835}}