{"0.0": {"precision": 0.9605809128630706, "recall": 0.9767932489451476, "f1-score": 0.9686192468619247, "support": 1896, "avg_prec": 0.9960377682836484}, "1.0": {"precision": 0.9685264663805436, "recall": 0.9468531468531468, "f1-score": 0.9575671852899575, "support": 1430, "avg_prec": 0.9932288498966465}, "accuracy": 0.9639206253758268, "macro avg": {"precision": 0.9645536896218071, "recall": 0.9618231978991472, "f1-score": 0.9630932160759411, "support": 3326, "avg_prec": 0.9946333090901475}, "weighted avg": {"precision": 0.9639970708696812, "recall": 0.9639206253758268, "f1-score": 0.9638674585131837, "support": 3326}}