{"0.0": {"precision": 0.9697601668404588, "recall": 0.9810126582278481, "f1-score": 0.9753539590980598, "support": 1896, "avg_prec": 0.9969703122268627}, "1.0": {"precision": 0.9744318181818182, "recall": 0.9594405594405594, "f1-score": 0.966878083157153, "support": 1430, "avg_prec": 0.9947163637608674}, "accuracy": 0.9717378232110644, "macro avg": {"precision": 0.9720959925111385, "recall": 0.9702266088342038, "f1-score": 0.9711160211276064, "support": 3326, "avg_prec": 0.995843337993865}, "weighted avg": {"precision": 0.971768724091855, "recall": 0.9717378232110644, "f1-score": 0.9717097911499247, "support": 3326}}