{"0.0": {"precision": 0.9743991640543365, "recall": 0.9836497890295358, "f1-score": 0.979002624671916, "support": 1896, "avg_prec": 0.9985719947104619}, "1.0": {"precision": 0.9780453257790368, "recall": 0.9657342657342657, "f1-score": 0.9718508092892328, "support": 1430, "avg_prec": 0.9974435113290361}, "accuracy": 0.9759470835838846, "macro avg": {"precision": 0.9762222449166866, "recall": 0.9746920273819007, "f1-score": 0.9754267169805744, "support": 3326, "avg_prec": 0.998007753019749}, "weighted avg": {"precision": 0.9759668162691054, "recall": 0.9759470835838846, "f1-score": 0.9759277311069019, "support": 3326}}