{"0.0": {"precision": 0.9847928683796539, "recall": 0.990506329113924, "f1-score": 0.9876413357875361, "support": 1896, "avg_prec": 0.9990827644749725}, "1.0": {"precision": 0.9873150105708245, "recall": 0.9797202797202798, "f1-score": 0.9835029835029836, "support": 1430, "avg_prec": 0.9984072419577797}, "accuracy": 0.9858689116055321, "macro avg": {"precision": 0.9860539394752392, "recall": 0.9851133044171019, "f1-score": 0.9855721596452598, "support": 3326, "avg_prec": 0.998745003216376}, "weighted avg": {"precision": 0.9858772530258878, "recall": 0.9858689116055321, "f1-score": 0.9858620682689221, "support": 3326}}