{"0.0": {"precision": 0.9947396107311941, "recall": 0.9973628691983122, "f1-score": 0.9960495127732419, "support": 1896, "avg_prec": 0.999965627594177}, "1.0": {"precision": 0.9964912280701754, "recall": 0.993006993006993, "f1-score": 0.9947460595446586, "support": 1430, "avg_prec": 0.9999395886420445}, "accuracy": 0.9954900781719783, "macro avg": {"precision": 0.9956154194006848, "recall": 0.9951849311026526, "f1-score": 0.9953977861589502, "support": 3326, "avg_prec": 0.9999526081181107}, "weighted avg": {"precision": 0.9954927113910688, "recall": 0.9954900781719783, "f1-score": 0.995489098426617, "support": 3326}}