{"0.0": {"precision": 0.9687825182101977, "recall": 0.9820675105485233, "f1-score": 0.9753797799895233, "support": 1896, "avg_prec": 0.9978373423286159}, "1.0": {"precision": 0.9757834757834758, "recall": 0.958041958041958, "f1-score": 0.9668313338038108, "support": 1430, "avg_prec": 0.9962088742324466}, "accuracy": 0.9717378232110644, "macro avg": {"precision": 0.9722829969968367, "recall": 0.9700547342952406, "f1-score": 0.9711055568966671, "support": 3326, "avg_prec": 0.9970231082805312}, "weighted avg": {"precision": 0.9717925510814508, "recall": 0.9717378232110644, "f1-score": 0.9717044107635555, "support": 3326}}