{"0.0": {"precision": 0.8940419769803656, "recall": 0.9997160972839974, "f1-score": 0.9439306616628691, "support": 10567, "avg_prec": 0.925546569061731}, "1.0": {"precision": 0.8421052631578947, "recall": 0.012618296529968454, "f1-score": 0.024864024864024864, "support": 1268, "avg_prec": 0.22060847851520787}, "accuracy": 0.8939585973806506, "macro avg": {"precision": 0.8680736200691301, "recall": 0.5061671969069829, "f1-score": 0.48439734326344697, "support": 11835, "avg_prec": 0.5730775237884694}, "weighted avg": {"precision": 0.888477485799386, "recall": 0.8939585973806506, "f1-score": 0.8454620097439056, "support": 11835}}