{"0.0": {"precision": 0.5716894977168949, "recall": 0.990506329113924, "f1-score": 0.7249565720903299, "support": 1896, "avg_prec": 0.6053270963442068}, "1.0": {"precision": 0.5609756097560976, "recall": 0.016083916083916083, "f1-score": 0.03127124405166553, "support": 1430, "avg_prec": 0.5027713087760718}, "accuracy": 0.5715574263379435, "macro avg": {"precision": 0.5663325537364963, "recall": 0.5032951225989201, "f1-score": 0.3781139080709977, "support": 3326, "avg_prec": 0.5540492025601393}, "weighted avg": {"precision": 0.5670831057193182, "recall": 0.5715574263379435, "f1-score": 0.42670942263293665, "support": 3326}}