{"0.0": {"precision": 0.9827828202489005, "recall": 0.9939434087252768, "f1-score": 0.9883316081678744, "support": 10567, "avg_prec": 0.9994802330605054}, "1.0": {"precision": 0.9442508710801394, "recall": 0.8548895899053628, "f1-score": 0.8973509933774835, "support": 1268, "avg_prec": 0.9772487823844029}, "accuracy": 0.9790452049007182, "macro avg": {"precision": 0.96351684566452, "recall": 0.9244164993153198, "f1-score": 0.9428413007726789, "support": 11835, "avg_prec": 0.9883645077224541}, "weighted avg": {"precision": 0.9786545134009081, "recall": 0.9790452049007182, "f1-score": 0.9785839597053297, "support": 11835}}