{"0.0": {"precision": 0.9875916525662719, "recall": 0.9942273114412794, "f1-score": 0.99089837302523, "support": 10567, "avg_prec": 0.9993017456493699}, "1.0": {"precision": 0.9490392648287385, "recall": 0.8958990536277602, "f1-score": 0.9217038539553751, "support": 1268, "avg_prec": 0.9741829695775281}, "accuracy": 0.9836924376848332, "macro avg": {"precision": 0.9683154586975051, "recall": 0.9450631825345198, "f1-score": 0.9563011134903026, "support": 11835, "avg_prec": 0.9867423576134491}, "weighted avg": {"precision": 0.9834611559333025, "recall": 0.9836924376848332, "f1-score": 0.983484883360627, "support": 11835}}