{"0.0": {"precision": 0.9744684801782564, "recall": 0.993280969054604, "f1-score": 0.9837847970756397, "support": 10567, "avg_prec": 0.9989854562256726}, "1.0": {"precision": 0.9332706766917294, "recall": 0.7831230283911672, "f1-score": 0.8516295025728988, "support": 1268, "avg_prec": 0.9515606723910205}, "accuracy": 0.9707646810308407, "macro avg": {"precision": 0.9538695784349929, "recall": 0.8882019987228855, "f1-score": 0.9177071498242693, "support": 11835, "avg_prec": 0.9752730643083465}, "weighted avg": {"precision": 0.9700545541266369, "recall": 0.9707646810308407, "f1-score": 0.9696257000389287, "support": 11835}}