{"0.0": {"precision": 0.9795747062115276, "recall": 0.9939434087252768, "f1-score": 0.9867067499647705, "support": 10567, "avg_prec": 0.9993808177833706}, "1.0": {"precision": 0.9424977538185085, "recall": 0.8272870662460567, "f1-score": 0.8811423771524569, "support": 1268, "avg_prec": 0.9707202782048076}, "accuracy": 0.9760878749471905, "macro avg": {"precision": 0.9610362300150181, "recall": 0.9106152374856668, "f1-score": 0.9339245635586138, "support": 11835, "avg_prec": 0.9850505479940891}, "weighted avg": {"precision": 0.975602287484502, "recall": 0.9760878749471905, "f1-score": 0.9753966000090449, "support": 11835}}