{"0.0": {"precision": 0.9965018436229555, "recall": 0.9974448755559762, "f1-score": 0.9969731365872114, "support": 10567, "avg_prec": 0.9996908566832889}, "1.0": {"precision": 0.9785373608903021, "recall": 0.9708201892744479, "f1-score": 0.9746634996041171, "support": 1268, "avg_prec": 0.996658332552575}, "accuracy": 0.9945923109421209, "macro avg": {"precision": 0.9875196022566288, "recall": 0.984132532415212, "f1-score": 0.9858183180956643, "support": 11835, "avg_prec": 0.9981745946179319}, "weighted avg": {"precision": 0.9945771318270109, "recall": 0.9945923109421209, "f1-score": 0.994582885662449, "support": 11835}}