{"0.0": {"precision": 0.9932088285229203, "recall": 0.9964985331693007, "f1-score": 0.9948509613113515, "support": 10567, "avg_prec": 0.9996379593179903}, "1.0": {"precision": 0.9699918896999189, "recall": 0.943217665615142, "f1-score": 0.9564174330267893, "support": 1268, "avg_prec": 0.9934007345864295}, "accuracy": 0.9907900295732995, "macro avg": {"precision": 0.9816003591114195, "recall": 0.9698580993922213, "f1-score": 0.9756341971690704, "support": 11835, "avg_prec": 0.9965193469522099}, "weighted avg": {"precision": 0.990721369424689, "recall": 0.9907900295732995, "f1-score": 0.9907331992610918, "support": 11835}}