{"0.0": {"precision": 0.9908576814326108, "recall": 0.9948897511119523, "f1-score": 0.9928696227038768, "support": 10567, "avg_prec": 0.9994186848756157}, "1.0": {"precision": 0.9559183673469388, "recall": 0.9235015772870663, "f1-score": 0.9394304051343763, "support": 1268, "avg_prec": 0.9803200885683545}, "accuracy": 0.9872412336290664, "macro avg": {"precision": 0.9733880243897748, "recall": 0.9591956641995093, "f1-score": 0.9661500139191266, "support": 11835, "avg_prec": 0.9898693867219851}, "weighted avg": {"precision": 0.9871142889306562, "recall": 0.9872412336290664, "f1-score": 0.9871441535126536, "support": 11835}}