{"0.0": {"precision": 0.9795556385362211, "recall": 0.9929970663386013, "f1-score": 0.9862305559471779, "support": 10567, "avg_prec": 0.9990734245030102}, "1.0": {"precision": 0.9341050756901158, "recall": 0.8272870662460567, "f1-score": 0.8774571309075702, "support": 1268, "avg_prec": 0.9567344772616406}, "accuracy": 0.9752429235318969, "macro avg": {"precision": 0.9568303571131684, "recall": 0.910142066292329, "f1-score": 0.931843843427374, "support": 11835, "avg_prec": 0.9779039508823254}, "weighted avg": {"precision": 0.9746860725295576, "recall": 0.9752429235318969, "f1-score": 0.9745765886510036, "support": 11835}}