{"0.0": {"precision": 0.9900157645822386, "recall": 0.9936708860759493, "f1-score": 0.9918399578836538, "support": 1896, "avg_prec": 0.9997541243933936}, "1.0": {"precision": 0.9915671117357695, "recall": 0.9867132867132867, "f1-score": 0.9891342446547494, "support": 1430, "avg_prec": 0.999569972643314}, "accuracy": 0.9906794948887553, "macro avg": {"precision": 0.9907914381590041, "recall": 0.9901920863946181, "f1-score": 0.9904871012692016, "support": 3326, "avg_prec": 0.9996620485183538}, "weighted avg": {"precision": 0.9906827599008041, "recall": 0.9906794948887553, "f1-score": 0.9906766476258866, "support": 3326}}