{"0.0": {"precision": 0.9661986479459178, "recall": 0.979957805907173, "f1-score": 0.9730295888976171, "support": 1896, "avg_prec": 0.9977879566552419}, "1.0": {"precision": 0.9729151817533856, "recall": 0.9545454545454546, "f1-score": 0.9636427815037063, "support": 1430, "avg_prec": 0.9961132217789562}, "accuracy": 0.9690318701142514, "macro avg": {"precision": 0.9695569148496517, "recall": 0.9672516302263138, "f1-score": 0.9683361852006618, "support": 3326, "avg_prec": 0.9969505892170991}, "weighted avg": {"precision": 0.9690863939906199, "recall": 0.9690318701142514, "f1-score": 0.9689937697234461, "support": 3326}}