{"0.0": {"precision": 0.9590673575129534, "recall": 0.9762658227848101, "f1-score": 0.9675901725039205, "support": 1896, "avg_prec": 0.996118120360806}, "1.0": {"precision": 0.9677650429799427, "recall": 0.9447552447552447, "f1-score": 0.9561217268223637, "support": 1430, "avg_prec": 0.9933310753472417}, "accuracy": 0.962717979555021, "macro avg": {"precision": 0.963416200246448, "recall": 0.9605105337700275, "f1-score": 0.9618559496631421, "support": 3326, "avg_prec": 0.9947245978540239}, "weighted avg": {"precision": 0.9628068915531802, "recall": 0.962717979555021, "f1-score": 0.9626593615223732, "support": 3326}}