{"0.0": {"precision": 0.9713242961418144, "recall": 0.9825949367088608, "f1-score": 0.9769271106449922, "support": 1896, "avg_prec": 0.9985341700783471}, "1.0": {"precision": 0.9765625, "recall": 0.9615384615384616, "f1-score": 0.9689922480620154, "support": 1430, "avg_prec": 0.9974034141604826}, "accuracy": 0.973541791942273, "macro avg": {"precision": 0.9739433980709071, "recall": 0.9720666991236612, "f1-score": 0.9729596793535038, "support": 3326, "avg_prec": 0.9979687921194149}, "weighted avg": {"precision": 0.9735764403141551, "recall": 0.973541791942273, "f1-score": 0.9735155491616316, "support": 3326}}