{"0.0": {"precision": 0.9774869109947644, "recall": 0.984704641350211, "f1-score": 0.9810825013137151, "support": 1896, "avg_prec": 0.9986132733477351}, "1.0": {"precision": 0.9795197740112994, "recall": 0.9699300699300699, "f1-score": 0.9747013352073086, "support": 1430, "avg_prec": 0.9975960727330665}, "accuracy": 0.9783523752254961, "macro avg": {"precision": 0.9785033425030318, "recall": 0.9773173556401404, "f1-score": 0.9778919182605119, "support": 3326, "avg_prec": 0.9981046730404008}, "weighted avg": {"precision": 0.978360932075235, "recall": 0.9783523752254961, "f1-score": 0.9783389452306841, "support": 3326}}