{"0.0": {"precision": 0.9827134625458355, "recall": 0.989451476793249, "f1-score": 0.986070959264126, "support": 1896, "avg_prec": 0.9990215491183403}, "1.0": {"precision": 0.9858856739590685, "recall": 0.9769230769230769, "f1-score": 0.9813839128907622, "support": 1430, "avg_prec": 0.9982925688268045}, "accuracy": 0.9840649428743236, "macro avg": {"precision": 0.984299568252452, "recall": 0.9831872768581629, "f1-score": 0.9837274360774442, "support": 3326, "avg_prec": 0.9986570589725724}, "weighted avg": {"precision": 0.9840773417764197, "recall": 0.9840649428743236, "f1-score": 0.9840557829821325, "support": 3326}}