{"0.0": {"precision": 0.9646201873048907, "recall": 0.9778481012658228, "f1-score": 0.9711891042430593, "support": 1896, "avg_prec": 0.9970240800795599}, "1.0": {"precision": 0.9700854700854701, "recall": 0.9524475524475524, "f1-score": 0.9611856033874382, "support": 1430, "avg_prec": 0.994856169132187}, "accuracy": 0.9669272399278412, "macro avg": {"precision": 0.9673528286951805, "recall": 0.9651478268566875, "f1-score": 0.9661873538152488, "support": 3326, "avg_prec": 0.9959401246058734}, "weighted avg": {"precision": 0.9669699631245625, "recall": 0.9669272399278412, "f1-score": 0.9668881402552245, "support": 3326}}