{"0.0": {"precision": 0.9000782676754501, "recall": 0.9794643702091417, "f1-score": 0.9380948064896221, "support": 10567, "avg_prec": 0.9115892464389299}, "1.0": {"precision": 0.3541666666666667, "recall": 0.09384858044164038, "f1-score": 0.1483790523690773, "support": 1268, "avg_prec": 0.18518226741254265}, "accuracy": 0.8845796366708915, "macro avg": {"precision": 0.6271224671710584, "recall": 0.5366564753253911, "f1-score": 0.5432369294293496, "support": 11835, "avg_prec": 0.5483857569257363}, "weighted avg": {"precision": 0.8415893863844373, "recall": 0.8845796366708915, "f1-score": 0.8534847873747213, "support": 11835}}