{"0.0": {"precision": 0.8955795928796525, "recall": 0.9950790195892874, "f1-score": 0.9427111350188274, "support": 10567, "avg_prec": 0.9130439570311841}, "1.0": {"precision": 0.44680851063829785, "recall": 0.033123028391167195, "f1-score": 0.061674008810572695, "support": 1268, "avg_prec": 0.1683559549648597}, "accuracy": 0.8920152091254753, "macro avg": {"precision": 0.6711940517589752, "recall": 0.5141010239902273, "f1-score": 0.5021925719147, "support": 11835, "avg_prec": 0.5406999559980219}, "weighted avg": {"precision": 0.8474983311743683, "recall": 0.8920152091254753, "f1-score": 0.8483169587592526, "support": 11835}}