{"0.0": {"precision": 0.893615221987315, "recall": 1.0, "f1-score": 0.9438192211504108, "support": 10567, "avg_prec": 0.9250054288308234}, "1.0": {"precision": 1.0, "recall": 0.007886435331230283, "f1-score": 0.01564945226917058, "support": 1268, "avg_prec": 0.2027310813928239}, "accuracy": 0.8937051119560625, "macro avg": {"precision": 0.9468076109936575, "recall": 0.5039432176656151, "f1-score": 0.4797343367097907, "support": 11835, "avg_prec": 0.5638682551118236}, "weighted avg": {"precision": 0.9050132700245, "recall": 0.8937051119560625, "f1-score": 0.8443752611215632, "support": 11835}}