{"0.0": {"precision": 0.6671802773497689, "recall": 0.9135021097046413, "f1-score": 0.7711487088156722, "support": 1896, "avg_prec": 0.7315877640911366}, "1.0": {"precision": 0.7753424657534247, "recall": 0.3958041958041958, "f1-score": 0.5240740740740741, "support": 1430, "avg_prec": 0.7094189648156675}, "accuracy": 0.6909200240529164, "macro avg": {"precision": 0.7212613715515968, "recall": 0.6546531527544186, "f1-score": 0.6476113914448731, "support": 3326, "avg_prec": 0.720503364453402}, "weighted avg": {"precision": 0.7136841647271676, "recall": 0.6909200240529164, "f1-score": 0.6649199873242455, "support": 3326}}