{"0.0": {"precision": 0.6509394572025052, "recall": 0.8222573839662447, "f1-score": 0.7266371475180611, "support": 1896, "avg_prec": 0.6638717169301324}, "1.0": {"precision": 0.6380236305048335, "recall": 0.4153846153846154, "f1-score": 0.5031766200762389, "support": 1430, "avg_prec": 0.6358761965805227}, "accuracy": 0.6473241130487072, "macro avg": {"precision": 0.6444815438536693, "recall": 0.61882099967543, "f1-score": 0.61490688379715, "support": 3326, "avg_prec": 0.6498739567553276}, "weighted avg": {"precision": 0.6453863507149313, "recall": 0.6473241130487072, "f1-score": 0.6305612141922026, "support": 3326}}