{"0.0": {"precision": 0.6751838946960899, "recall": 0.919831223628692, "f1-score": 0.778745255637419, "support": 1896, "avg_prec": 0.7308348775711464}, "1.0": {"precision": 0.7954239569313594, "recall": 0.4132867132867133, "f1-score": 0.5439484583525082, "support": 1430, "avg_prec": 0.7148860482687589}, "accuracy": 0.7020444978953698, "macro avg": {"precision": 0.7353039258137246, "recall": 0.6665589684577027, "f1-score": 0.6613468569949636, "support": 3326, "avg_prec": 0.7228604629199527}, "weighted avg": {"precision": 0.7268806141778805, "recall": 0.7020444978953698, "f1-score": 0.6777953397873221, "support": 3326}}