{"0.0": {"precision": 0.6641464385196976, "recall": 0.8802742616033755, "f1-score": 0.7570877750056703, "support": 1896, "avg_prec": 0.6901483130796554}, "1.0": {"precision": 0.7207872078720787, "recall": 0.4097902097902098, "f1-score": 0.5225144895229603, "support": 1430, "avg_prec": 0.6441966633756108}, "accuracy": 0.6779915814792543, "macro avg": {"precision": 0.6924668231958881, "recall": 0.6450322356967927, "f1-score": 0.6398011322643153, "support": 3326, "avg_prec": 0.6671724882276331}, "weighted avg": {"precision": 0.6884989039959167, "recall": 0.6779915814792543, "f1-score": 0.6562339571342706, "support": 3326}}