{"0.0": {"precision": 0.8967068409438126, "recall": 0.9998107315226649, "f1-score": 0.9454561725356839, "support": 10567, "avg_prec": 0.9007828162350925}, "1.0": {"precision": 0.9622641509433962, "recall": 0.04022082018927445, "f1-score": 0.07721423164269493, "support": 1268, "avg_prec": 0.16974377822592146}, "accuracy": 0.8970004224757077, "macro avg": {"precision": 0.9294854959436044, "recall": 0.5200157758559697, "f1-score": 0.5113352020891895, "support": 11835, "avg_prec": 0.5352632972305069}, "weighted avg": {"precision": 0.903730640612547, "recall": 0.8970004224757077, "f1-score": 0.8524328703766378, "support": 11835}}