{"0.0": {"precision": 0.8968004752609692, "recall": 1.0, "f1-score": 0.945592841163311, "support": 10567, "avg_prec": 0.9050521547434023}, "1.0": {"precision": 1.0, "recall": 0.04100946372239748, "f1-score": 0.0787878787878788, "support": 1268, "avg_prec": 0.19481172483596018}, "accuracy": 0.8972539079002957, "macro avg": {"precision": 0.9484002376304845, "recall": 0.5205047318611987, "f1-score": 0.5121903599755949, "support": 11835, "avg_prec": 0.5499319397896812}, "weighted avg": {"precision": 0.907857255773778, "recall": 0.8972539079002957, "f1-score": 0.8527234966519424, "support": 11835}}