{"0.0": {"precision": 0.897093813732155, "recall": 0.9990536576133245, "f1-score": 0.9453324378777703, "support": 10567, "avg_prec": 0.8996678618177087}, "1.0": {"precision": 0.8507462686567164, "recall": 0.044952681388012616, "f1-score": 0.0853932584269663, "support": 1268, "avg_prec": 0.16046382295741735}, "accuracy": 0.8968314321926489, "macro avg": {"precision": 0.8739200411944357, "recall": 0.5220031695006686, "f1-score": 0.5153628481523683, "support": 11835, "avg_prec": 0.530065842387563}, "weighted avg": {"precision": 0.892128145193443, "recall": 0.8968314321926489, "f1-score": 0.8531986922467083, "support": 11835}}