{"0.0": {"precision": 0.6651229070181689, "recall": 0.984704641350211, "f1-score": 0.7939613012970446, "support": 1896, "avg_prec": 0.6826348991745287}, "1.0": {"precision": 0.9441233140655106, "recall": 0.34265734265734266, "f1-score": 0.5028219599794767, "support": 1430, "avg_prec": 0.6786935557436635}, "accuracy": 0.7086590499098016, "macro avg": {"precision": 0.8046231105418398, "recall": 0.6636809920037768, "f1-score": 0.6483916306382607, "support": 3326, "avg_prec": 0.6806642274590962}, "weighted avg": {"precision": 0.7850779828082166, "recall": 0.7086590499098016, "f1-score": 0.6687871407185352, "support": 3326}}