{"0.0": {"precision": 0.6640680368532955, "recall": 0.9883966244725738, "f1-score": 0.794404408647732, "support": 1896, "avg_prec": 0.7054785971317941}, "1.0": {"precision": 0.9563492063492064, "recall": 0.33706293706293705, "f1-score": 0.49844881075491204, "support": 1430, "avg_prec": 0.6933449351395695}, "accuracy": 0.7083583884546001, "macro avg": {"precision": 0.810208621601251, "recall": 0.6627297807677555, "f1-score": 0.646426609701322, "support": 3326, "avg_prec": 0.6994117661356818}, "weighted avg": {"precision": 0.7897331217538225, "recall": 0.7083583884546001, "f1-score": 0.6671595183931521, "support": 3326}}