{"0.0": {"precision": 0.6697443181818182, "recall": 0.9947257383966245, "f1-score": 0.800509337860781, "support": 1896, "avg_prec": 0.7628413029262803}, "1.0": {"precision": 0.9803921568627451, "recall": 0.34965034965034963, "f1-score": 0.5154639175257731, "support": 1430, "avg_prec": 0.7691638094924744}, "accuracy": 0.7173782321106434, "macro avg": {"precision": 0.8250682375222816, "recall": 0.6721880440234871, "f1-score": 0.6579866276932771, "support": 3326, "avg_prec": 0.7660025562093773}, "weighted avg": {"precision": 0.8033060768449949, "recall": 0.7173782321106434, "f1-score": 0.6779552335074853, "support": 3326}}