{"0.0": {"precision": 0.6702127659574468, "recall": 0.9968354430379747, "f1-score": 0.8015267175572519, "support": 1896, "avg_prec": 0.7639702245667837}, "1.0": {"precision": 0.9881422924901185, "recall": 0.34965034965034963, "f1-score": 0.5165289256198347, "support": 1430, "avg_prec": 0.7558884853563059}, "accuracy": 0.7185808779314492, "macro avg": {"precision": 0.8291775292237826, "recall": 0.6732428963441621, "f1-score": 0.6590278215885432, "support": 3326, "avg_prec": 0.7599293549615448}, "weighted avg": {"precision": 0.8069052563187579, "recall": 0.7185808779314492, "f1-score": 0.6789930908373161, "support": 3326}}