{"0.0": {"precision": 0.9777488129596872, "recall": 0.9938487744866092, "f1-score": 0.9857330580063826, "support": 10567, "avg_prec": 0.9923484561024698}, "1.0": {"precision": 0.9405850091407678, "recall": 0.8115141955835962, "f1-score": 0.8712955122777307, "support": 1268, "avg_prec": 0.8940674049872347}, "accuracy": 0.974313476975074, "macro avg": {"precision": 0.9591669110502274, "recall": 0.9026814850351027, "f1-score": 0.9285142851420567, "support": 11835, "avg_prec": 0.9432079305448522}, "weighted avg": {"precision": 0.9737670889848338, "recall": 0.974313476975074, "f1-score": 0.9734722377289063, "support": 11835}}