{"0.0": {"precision": 0.9841540943163488, "recall": 0.9815463234598277, "f1-score": 0.9828484791054677, "support": 10567, "avg_prec": 0.9930505862727445}, "1.0": {"precision": 0.8495370370370371, "recall": 0.8682965299684543, "f1-score": 0.858814352574103, "support": 1268, "avg_prec": 0.9281740493141966}, "accuracy": 0.9694127587663709, "macro avg": {"precision": 0.916845565676693, "recall": 0.924921426714141, "f1-score": 0.9208314158397853, "support": 11835, "avg_prec": 0.9606123177934704}, "weighted avg": {"precision": 0.9697312444109694, "recall": 0.9694127587663709, "f1-score": 0.9695594827014313, "support": 11835}}