{"0.0": {"precision": 0.9838740276987289, "recall": 0.9815463234598277, "f1-score": 0.9827087971955091, "support": 10567, "avg_prec": 0.9920477748613895}, "1.0": {"precision": 0.8491879350348028, "recall": 0.8659305993690851, "f1-score": 0.8574775478328778, "support": 1268, "avg_prec": 0.8831625657403939}, "accuracy": 0.9691592733417829, "macro avg": {"precision": 0.9165309813667659, "recall": 0.9237384614144564, "f1-score": 0.9200931725141934, "support": 11835, "avg_prec": 0.9376051703008916}, "weighted avg": {"precision": 0.9694437813533247, "recall": 0.9691592733417829, "f1-score": 0.9692915412435178, "support": 11835}}