{"0.0": {"precision": 0.9614998631511723, "recall": 0.9973502413173087, "f1-score": 0.9790969899665551, "support": 10567, "avg_prec": 0.994526624977329}, "1.0": {"precision": 0.9679633867276888, "recall": 0.667192429022082, "f1-score": 0.7899159663865546, "support": 1268, "avg_prec": 0.9281629877616575}, "accuracy": 0.9619771863117871, "macro avg": {"precision": 0.9647316249394305, "recall": 0.8322713351696953, "f1-score": 0.8845064781765548, "support": 11835, "avg_prec": 0.9613448063694933}, "weighted avg": {"precision": 0.9621923640295014, "recall": 0.9619771863117871, "f1-score": 0.9588281654714609, "support": 11835}}