{"0.0": {"precision": 0.9559143686502177, "recall": 0.997255607078641, "f1-score": 0.9761474688527627, "support": 10567, "avg_prec": 0.9948084650339059}, "1.0": {"precision": 0.9642416769420469, "recall": 0.6167192429022083, "f1-score": 0.7522847522847523, "support": 1268, "avg_prec": 0.9232827750178577}, "accuracy": 0.9564850021123785, "macro avg": {"precision": 0.9600780227961323, "recall": 0.8069874249904246, "f1-score": 0.8642161105687576, "support": 11835, "avg_prec": 0.9590456200258818}, "weighted avg": {"precision": 0.9568065551237318, "recall": 0.9564850021123785, "f1-score": 0.9521628533387588, "support": 11835}}