{"0.0": {"precision": 0.9551345962113659, "recall": 0.997255607078641, "f1-score": 0.9757407407407407, "support": 10567, "avg_prec": 0.9940011908789528}, "1.0": {"precision": 0.9638403990024937, "recall": 0.6096214511041009, "f1-score": 0.7468599033816425, "support": 1268, "avg_prec": 0.9044659283742177}, "accuracy": 0.9557245458386143, "macro avg": {"precision": 0.9594874976069299, "recall": 0.803438529091371, "f1-score": 0.8613003220611917, "support": 11835, "avg_prec": 0.9492335596265853}, "weighted avg": {"precision": 0.9560673345247711, "recall": 0.9557245458386143, "f1-score": 0.9512184845707926, "support": 11835}}