{"0.0": {"precision": 0.9611491108071135, "recall": 0.9973502413173087, "f1-score": 0.9789151031023592, "support": 10567, "avg_prec": 0.9937259006088004}, "1.0": {"precision": 0.967816091954023, "recall": 0.6640378548895899, "f1-score": 0.7876520112254443, "support": 1268, "avg_prec": 0.906872330928366}, "accuracy": 0.9616392057456696, "macro avg": {"precision": 0.9644826013805683, "recall": 0.8306940481034493, "f1-score": 0.8832835571639017, "support": 11835, "avg_prec": 0.9502991157685832}, "weighted avg": {"precision": 0.9618634100968712, "recall": 0.9616392057456696, "f1-score": 0.9584232061441903, "support": 11835}}