{"0.0": {"precision": 0.9779309060433933, "recall": 0.9938487744866092, "f1-score": 0.9858255890359524, "support": 10567, "avg_prec": 0.9933576808658757}, "1.0": {"precision": 0.9406934306569343, "recall": 0.8130914826498423, "f1-score": 0.8722504230118444, "support": 1268, "avg_prec": 0.9333103369333553}, "accuracy": 0.9744824672581327, "macro avg": {"precision": 0.9593121683501638, "recall": 0.9034701285682258, "f1-score": 0.9290380060238984, "support": 11835, "avg_prec": 0.9633340088996155}, "weighted avg": {"precision": 0.9739412889086209, "recall": 0.9744824672581327, "f1-score": 0.9736571639815739, "support": 11835}}