{"0.0": {"precision": 0.9565667011375388, "recall": 0.9757383966244726, "f1-score": 0.9660574412532638, "support": 1896, "avg_prec": 0.9939410701398292}, "1.0": {"precision": 0.9669540229885057, "recall": 0.9412587412587412, "f1-score": 0.953933380581148, "support": 1430, "avg_prec": 0.9903960270277756}, "accuracy": 0.9609140108238123, "macro avg": {"precision": 0.9617603620630223, "recall": 0.9584985689416069, "f1-score": 0.9599954109172059, "support": 3326, "avg_prec": 0.9921685485838024}, "weighted avg": {"precision": 0.96103268738134, "recall": 0.9609140108238123, "f1-score": 0.9608447513070445, "support": 3326}}