{"0.0": {"precision": 0.9592993302421432, "recall": 0.9820675105485233, "f1-score": 0.9705499087829034, "support": 1896, "avg_prec": 0.9947886679369192}, "1.0": {"precision": 0.9754512635379061, "recall": 0.9447552447552447, "f1-score": 0.9598579040852575, "support": 1430, "avg_prec": 0.9917125554046413}, "accuracy": 0.966025255562237, "macro avg": {"precision": 0.9673752968900247, "recall": 0.963411377651884, "f1-score": 0.9652039064340805, "support": 3326, "avg_prec": 0.9932506116707802}, "weighted avg": {"precision": 0.9662437874318429, "recall": 0.966025255562237, "f1-score": 0.9659529254041801, "support": 3326}}