{"0.0": {"precision": 0.9626556016597511, "recall": 0.9789029535864979, "f1-score": 0.9707112970711297, "support": 1896, "avg_prec": 0.9911396992797985}, "1.0": {"precision": 0.9713876967095851, "recall": 0.9496503496503497, "f1-score": 0.9603960396039604, "support": 1430, "avg_prec": 0.988508495501965}, "accuracy": 0.9663259170174384, "macro avg": {"precision": 0.9670216491846682, "recall": 0.9642766516184238, "f1-score": 0.965553668337545, "support": 3326, "avg_prec": 0.9898240973908817}, "weighted avg": {"precision": 0.9664099299583869, "recall": 0.9663259170174384, "f1-score": 0.9662762946123047, "support": 3326}}