{"0.0": {"precision": 0.968421052631579, "recall": 0.9704641350210971, "f1-score": 0.9694415173867229, "support": 1896, "avg_prec": 0.9844603450020628}, "1.0": {"precision": 0.9607293127629734, "recall": 0.958041958041958, "f1-score": 0.9593837535014006, "support": 1430, "avg_prec": 0.9839438813093386}, "accuracy": 0.9651232711966325, "macro avg": {"precision": 0.9645751826972762, "recall": 0.9642530465315275, "f1-score": 0.9644126354440617, "support": 3326, "avg_prec": 0.9842021131557007}, "weighted avg": {"precision": 0.9651140207578248, "recall": 0.9651232711966325, "f1-score": 0.9651172232327809, "support": 3326}}