{"0.0": {"precision": 0.9699525566684238, "recall": 0.9704641350210971, "f1-score": 0.9702082784075929, "support": 1896, "avg_prec": 0.9885121113567757}, "1.0": {"precision": 0.960811756473058, "recall": 0.9601398601398602, "f1-score": 0.9604756908009795, "support": 1430, "avg_prec": 0.9906370744570874}, "accuracy": 0.966025255562237, "macro avg": {"precision": 0.965382156570741, "recall": 0.9653019975804786, "f1-score": 0.9653419846042862, "support": 3326, "avg_prec": 0.9895745929069315}, "weighted avg": {"precision": 0.9660225072759485, "recall": 0.966025255562237, "f1-score": 0.9660237924552607, "support": 3326}}