{"0.0": {"precision": 0.9603092783505155, "recall": 0.9825949367088608, "f1-score": 0.9713242961418144, "support": 1896, "avg_prec": 0.99638341350668}, "1.0": {"precision": 0.9761904761904762, "recall": 0.9461538461538461, "f1-score": 0.9609375, "support": 1430, "avg_prec": 0.9942009638166112}, "accuracy": 0.9669272399278412, "macro avg": {"precision": 0.9682498772704958, "recall": 0.9643743914313534, "f1-score": 0.9661308980709071, "support": 3326, "avg_prec": 0.9952921886616456}, "weighted avg": {"precision": 0.9671373339461691, "recall": 0.9669272399278412, "f1-score": 0.9668585359244979, "support": 3326}}