{"0.0": {"precision": 0.9636552440290758, "recall": 0.9789029535864979, "f1-score": 0.9712192569335426, "support": 1896, "avg_prec": 0.9944236597591629}, "1.0": {"precision": 0.9714285714285714, "recall": 0.951048951048951, "f1-score": 0.96113074204947, "support": 1430, "avg_prec": 0.993810409096921}, "accuracy": 0.9669272399278412, "macro avg": {"precision": 0.9675419077288236, "recall": 0.9649759523177245, "f1-score": 0.9661749994915063, "support": 3326, "avg_prec": 0.9941170344280419}, "weighted avg": {"precision": 0.9669973541256719, "recall": 0.9669272399278412, "f1-score": 0.9668817415143532, "support": 3326}}