{"0.0": {"precision": 0.8926694805754156, "recall": 0.9806946153118198, "f1-score": 0.9346139971139971, "support": 10567, "avg_prec": 0.8929796248008369}, "1.0": {"precision": 0.09734513274336283, "recall": 0.017350157728706624, "f1-score": 0.029451137884872823, "support": 1268, "avg_prec": 0.10698692442907559}, "accuracy": 0.877482044782425, "macro avg": {"precision": 0.49500730665938925, "recall": 0.4990223865202632, "f1-score": 0.48203256749943496, "support": 11835, "avg_prec": 0.4999832746149563}, "weighted avg": {"precision": 0.8074585576306718, "recall": 0.877482044782425, "f1-score": 0.8376349936917301, "support": 11835}}