{"0.0": {"precision": 0.8928601605407689, "recall": 1.0, "f1-score": 0.9433979109008124, "support": 10567, "avg_prec": 0.8923570163531035}, "1.0": {"precision": 0.0, "recall": 0.0, "f1-score": 0.0, "support": 1268, "avg_prec": 0.10717247401447388}, "accuracy": 0.8928601605407689, "macro avg": {"precision": 0.44643008027038444, "recall": 0.5, "f1-score": 0.4716989554504062, "support": 11835, "avg_prec": 0.49976474518378866}, "weighted avg": {"precision": 0.7971992662808876, "recall": 0.8928601605407689, "f1-score": 0.8423224101807253, "support": 11835}}