{"0.0": {"precision": 0.8928662528696539, "recall": 0.9937541402479417, "f1-score": 0.9406126836259405, "support": 10567, "avg_prec": 0.8927510111985906}, "1.0": {"precision": 0.10810810810810811, "recall": 0.006309148264984227, "f1-score": 0.011922503725782414, "support": 1268, "avg_prec": 0.1067850005969565}, "accuracy": 0.8879594423320659, "macro avg": {"precision": 0.5004871804888811, "recall": 0.500031644256463, "f1-score": 0.47626759367586147, "support": 11835, "avg_prec": 0.49976800589777354}, "weighted avg": {"precision": 0.8087873912255779, "recall": 0.8879594423320659, "f1-score": 0.8411129668440732, "support": 11835}}