{"0.0": {"precision": 0.564930991217064, "recall": 0.9498945147679325, "f1-score": 0.7084972462627852, "support": 1896, "avg_prec": 0.5573573143317534}, "1.0": {"precision": 0.3115942028985507, "recall": 0.03006993006993007, "f1-score": 0.0548469387755102, "support": 1430, "avg_prec": 0.4060416705280726}, "accuracy": 0.5544197233914612, "macro avg": {"precision": 0.43826259705780735, "recall": 0.4899822224189313, "f1-score": 0.3816720925191477, "support": 3326, "avg_prec": 0.481699492429913}, "weighted avg": {"precision": 0.4560098825894411, "recall": 0.5544197233914612, "f1-score": 0.42746298898473245, "support": 3326}}