{"0.0": {"precision": 0.5631780472239949, "recall": 0.9309071729957806, "f1-score": 0.701789264413519, "support": 1896, "avg_prec": 0.5577950562039091}, "1.0": {"precision": 0.3177083333333333, "recall": 0.04265734265734266, "f1-score": 0.07521578298397041, "support": 1430, "avg_prec": 0.4132771764130515}, "accuracy": 0.5490078171978352, "macro avg": {"precision": 0.4404431902786641, "recall": 0.48678225782656165, "f1-score": 0.3885025236987447, "support": 3326, "avg_prec": 0.4855361163084803}, "weighted avg": {"precision": 0.4576393548416599, "recall": 0.5490078171978352, "f1-score": 0.4323965769678622, "support": 3326}}