{"0.0": {"precision": 0.5585615308479049, "recall": 0.8929324894514767, "f1-score": 0.6872336107164604, "support": 1896, "avg_prec": 0.556644839329729}, "1.0": {"precision": 0.31186440677966104, "recall": 0.06433566433566433, "f1-score": 0.10666666666666665, "support": 1430, "avg_prec": 0.41448464524520745}, "accuracy": 0.536680697534576, "macro avg": {"precision": 0.435212968813783, "recall": 0.4786340768935705, "f1-score": 0.39695013869156354, "support": 3326, "avg_prec": 0.4855647422874682}, "weighted avg": {"precision": 0.452495118515497, "recall": 0.536680697534576, "f1-score": 0.43762124451345225, "support": 3326}}