{"0.0": {"precision": 0.5654631083202512, "recall": 0.9498945147679325, "f1-score": 0.7089155678016139, "support": 1896, "avg_prec": 0.5541864403020733}, "1.0": {"precision": 0.3262411347517731, "recall": 0.032167832167832165, "f1-score": 0.05856142584341184, "support": 1430, "avg_prec": 0.4076105251898586}, "accuracy": 0.5553217077570656, "macro avg": {"precision": 0.4458521215360121, "recall": 0.49103117346788233, "f1-score": 0.3837384968225129, "support": 3326, "avg_prec": 0.4808984827459659}, "weighted avg": {"precision": 0.4626106061546097, "recall": 0.5553217077570656, "f1-score": 0.42929848331567616, "support": 3326}}