{"0.0": {"precision": 0.9531476121562952, "recall": 0.997255607078641, "f1-score": 0.9747028626925034, "support": 10567, "avg_prec": 0.9926628796577411}, "1.0": {"precision": 0.962772785622593, "recall": 0.5914826498422713, "f1-score": 0.7327796775769418, "support": 1268, "avg_prec": 0.8892582960053186}, "accuracy": 0.953781157583439, "macro avg": {"precision": 0.9579601988894442, "recall": 0.7943691284604562, "f1-score": 0.8537412701347227, "support": 11835, "avg_prec": 0.9409605878315299}, "weighted avg": {"precision": 0.9541788516962416, "recall": 0.953781157583439, "f1-score": 0.9487832514777562, "support": 11835}}