{"0.0": {"precision": 0.9822916666666667, "recall": 0.9816409576984954, "f1-score": 0.981966204383017, "support": 10567, "avg_prec": 0.99116654330695}, "1.0": {"precision": 0.847843137254902, "recall": 0.8525236593059937, "f1-score": 0.8501769563507668, "support": 1268, "avg_prec": 0.91496505306583}, "accuracy": 0.9678073510773131, "macro avg": {"precision": 0.9150674019607843, "recall": 0.9170823085022446, "f1-score": 0.916071580366892, "support": 11835, "avg_prec": 0.9530657981863899}, "weighted avg": {"precision": 0.9678868728099606, "recall": 0.9678073510773131, "f1-score": 0.9678463255063889, "support": 11835}}