{"0.0": {"precision": 0.9538377986965967, "recall": 0.997255607078641, "f1-score": 0.9750636132315522, "support": 10567, "avg_prec": 0.9935261129904589}, "1.0": {"precision": 0.963151207115629, "recall": 0.5977917981072555, "f1-score": 0.7377128953771289, "support": 1268, "avg_prec": 0.9095973402076953}, "accuracy": 0.9544571187156738, "macro avg": {"precision": 0.9584945029061128, "recall": 0.7975237025929482, "f1-score": 0.8563882543043406, "support": 11835, "avg_prec": 0.9515617265990771}, "weighted avg": {"precision": 0.95483563577943, "recall": 0.9544571187156738, "f1-score": 0.949633895425096, "support": 11835}}