{"0.0": {"precision": 0.981919727375994, "recall": 0.9816409576984954, "f1-score": 0.9817803227485685, "support": 10567, "avg_prec": 0.9900996695209174}, "1.0": {"precision": 0.8473642800944139, "recall": 0.8493690851735016, "f1-score": 0.8483654982276487, "support": 1268, "avg_prec": 0.8665236141139194}, "accuracy": 0.9674693705111956, "macro avg": {"precision": 0.9146420037352039, "recall": 0.9155050214359985, "f1-score": 0.9150729104881086, "support": 11835, "avg_prec": 0.9283116418174184}, "weighted avg": {"precision": 0.9675034783558805, "recall": 0.9674693705111956, "f1-score": 0.9674862798679157, "support": 11835}}