{"0.0": {"precision": 0.9596575903833895, "recall": 0.997255607078641, "f1-score": 0.9780954148876926, "support": 10567, "avg_prec": 0.9931795020925972}, "1.0": {"precision": 0.9660421545667447, "recall": 0.6506309148264984, "f1-score": 0.7775683317624881, "support": 1268, "avg_prec": 0.9124784004553432}, "accuracy": 0.9601182931981411, "macro avg": {"precision": 0.9628498724750671, "recall": 0.8239432609525696, "f1-score": 0.8778318733250903, "support": 11835, "avg_prec": 0.9528289512739703}, "weighted avg": {"precision": 0.9603416315650114, "recall": 0.9601182931981411, "f1-score": 0.9566109753944302, "support": 11835}}