{"0.0": {"precision": 0.9592171142467001, "recall": 0.9971609728399735, "f1-score": 0.9778210838901262, "support": 10567, "avg_prec": 0.9922397072599557}, "1.0": {"precision": 0.9647058823529412, "recall": 0.6466876971608833, "f1-score": 0.7743153918791312, "support": 1268, "avg_prec": 0.8871990292405024}, "accuracy": 0.959611322348965, "macro avg": {"precision": 0.9619614982998206, "recall": 0.8219243350004284, "f1-score": 0.8760682378846287, "support": 11835, "avg_prec": 0.9397193682502291}, "weighted avg": {"precision": 0.9598051799804318, "recall": 0.959611322348965, "f1-score": 0.9560175167190285, "support": 11835}}