{"0.0": {"precision": 0.9767376942402531, "recall": 0.9933756032932715, "f1-score": 0.9849863939194896, "support": 10567, "avg_prec": 0.9927362323715736}, "1.0": {"precision": 0.9356617647058824, "recall": 0.8028391167192429, "f1-score": 0.8641765704584041, "support": 1268, "avg_prec": 0.9238745289343544}, "accuracy": 0.9729615547106042, "macro avg": {"precision": 0.9561997294730677, "recall": 0.8981073600062572, "f1-score": 0.9245814821889469, "support": 11835, "avg_prec": 0.958305380652964}, "weighted avg": {"precision": 0.972336825744302, "recall": 0.9729615547106042, "f1-score": 0.9720428488287708, "support": 11835}}