{"0.0": {"precision": 0.9766446450172142, "recall": 0.993280969054604, "f1-score": 0.9848925588814863, "support": 10567, "avg_prec": 0.9917069611877579}, "1.0": {"precision": 0.9347426470588235, "recall": 0.8020504731861199, "f1-score": 0.8633276740237691, "support": 1268, "avg_prec": 0.884165457005095}, "accuracy": 0.9727925644275455, "macro avg": {"precision": 0.9556936460380188, "recall": 0.8976657211203619, "f1-score": 0.9241101164526278, "support": 11835, "avg_prec": 0.9379362090964265}, "weighted avg": {"precision": 0.9721552716829313, "recall": 0.9727925644275455, "f1-score": 0.9718681166339505, "support": 11835}}