{"0.0": {"precision": 0.9535843218153688, "recall": 0.9752109704641351, "f1-score": 0.9642764015645372, "support": 1896, "avg_prec": 0.9951812529421249}, "1.0": {"precision": 0.966113914924297, "recall": 0.9370629370629371, "f1-score": 0.9513667021654242, "support": 1430, "avg_prec": 0.9921295264188661}, "accuracy": 0.9588093806374023, "macro avg": {"precision": 0.9598491183698329, "recall": 0.956136953763536, "f1-score": 0.9578215518649806, "support": 3326, "avg_prec": 0.9936553896804955}, "weighted avg": {"precision": 0.9589713687623823, "recall": 0.9588093806374023, "f1-score": 0.9587259294837399, "support": 3326}}