{"0.0": {"precision": 0.9576446280991735, "recall": 0.9778481012658228, "f1-score": 0.9676409185803757, "support": 1896, "avg_prec": 0.9953173140504692}, "1.0": {"precision": 0.9697841726618706, "recall": 0.9426573426573427, "f1-score": 0.9560283687943262, "support": 1430, "avg_prec": 0.9929110475010053}, "accuracy": 0.962717979555021, "macro avg": {"precision": 0.963714400380522, "recall": 0.9602527219615827, "f1-score": 0.9618346436873509, "support": 3326, "avg_prec": 0.9941141807757372}, "weighted avg": {"precision": 0.9628639752803692, "recall": 0.962717979555021, "f1-score": 0.9626481506326755, "support": 3326}}