{"0.0": {"precision": 0.9555785123966942, "recall": 0.9757383966244726, "f1-score": 0.965553235908142, "support": 1896, "avg_prec": 0.9936485686634767}, "1.0": {"precision": 0.9669064748201439, "recall": 0.9398601398601398, "f1-score": 0.9531914893617021, "support": 1430, "avg_prec": 0.9901636597479904}, "accuracy": 0.9603126879134095, "macro avg": {"precision": 0.9612424936084191, "recall": 0.9577992682423062, "f1-score": 0.959372362634922, "support": 3326, "avg_prec": 0.9919061142057335}, "weighted avg": {"precision": 0.9604489231800777, "recall": 0.9603126879134095, "f1-score": 0.9602383538992999, "support": 3326}}