{"0.0": {"precision": 0.9529229177444387, "recall": 0.9715189873417721, "f1-score": 0.9621311047270829, "support": 1896, "avg_prec": 0.993702665800606}, "1.0": {"precision": 0.9612347451543432, "recall": 0.9363636363636364, "f1-score": 0.9486362026213249, "support": 1430, "avg_prec": 0.9897316669122019}, "accuracy": 0.9564040889957908, "macro avg": {"precision": 0.957078831449391, "recall": 0.9539413118527043, "f1-score": 0.9553836536742039, "support": 3326, "avg_prec": 0.991717166356404}, "weighted avg": {"precision": 0.9564965537023952, "recall": 0.9564040889957908, "f1-score": 0.9563290271530498, "support": 3326}}