{"0.0": {"precision": 0.9643979057591623, "recall": 0.9715189873417721, "f1-score": 0.9679453494482396, "support": 1896, "avg_prec": 0.98429195902412}, "1.0": {"precision": 0.961864406779661, "recall": 0.9524475524475524, "f1-score": 0.9571328179901616, "support": 1430, "avg_prec": 0.9871108659360184}, "accuracy": 0.963319302465424, "macro avg": {"precision": 0.9631311562694116, "recall": 0.9619832698946622, "f1-score": 0.9625390837192006, "support": 3326, "avg_prec": 0.9857014124800692}, "weighted avg": {"precision": 0.963308638308565, "recall": 0.963319302465424, "f1-score": 0.9632965460853258, "support": 3326}}