{"0.0": {"precision": 0.9649764767381077, "recall": 0.9736286919831224, "f1-score": 0.9692832764505119, "support": 1896, "avg_prec": 0.9907431478305713}, "1.0": {"precision": 0.9646142958244869, "recall": 0.9531468531468531, "f1-score": 0.9588462891311994, "support": 1430, "avg_prec": 0.9914518587253951}, "accuracy": 0.9648226097414312, "macro avg": {"precision": 0.9647953862812972, "recall": 0.9633877725649878, "f1-score": 0.9640647827908557, "support": 3326, "avg_prec": 0.9910975032779832}, "weighted avg": {"precision": 0.964820758546142, "recall": 0.9648226097414312, "f1-score": 0.9647959367431708, "support": 3326}}