{"0.0": {"precision": 0.8925584202811072, "recall": 0.9795590044478092, "f1-score": 0.9340371774048006, "support": 10567, "avg_prec": 0.8921431489309205}, "1.0": {"precision": 0.09243697478991597, "recall": 0.017350157728706624, "f1-score": 0.029216467463479414, "support": 1268, "avg_prec": 0.10660818310119884}, "accuracy": 0.8764681030840726, "macro avg": {"precision": 0.4924976975355116, "recall": 0.4984545810882579, "f1-score": 0.48162682243414, "support": 11835, "avg_prec": 0.49937566601605965}, "weighted avg": {"precision": 0.8068335370632931, "recall": 0.8764681030840726, "f1-score": 0.8370948318022999, "support": 11835}}