{"0.0": {"precision": 0.8927538697057322, "recall": 0.9933756032932715, "f1-score": 0.9403807390817469, "support": 10567, "avg_prec": 0.8923110528133418}, "1.0": {"precision": 0.09090909090909091, "recall": 0.005520504731861199, "f1-score": 0.010408921933085503, "support": 1268, "avg_prec": 0.10662519883465908}, "accuracy": 0.887536966624419, "macro avg": {"precision": 0.4918314803074116, "recall": 0.4994480540125663, "f1-score": 0.4753948305074162, "support": 11835, "avg_prec": 0.4994681258240004}, "weighted avg": {"precision": 0.8068443488342375, "recall": 0.887536966624419, "f1-score": 0.8407437078908298, "support": 11835}}