{"0.0": {"precision": 0.570031545741325, "recall": 0.9530590717299579, "f1-score": 0.7133833399131466, "support": 1896, "avg_prec": 0.5755649175743762}, "1.0": {"precision": 0.42948717948717946, "recall": 0.04685314685314685, "f1-score": 0.08448928121059268, "support": 1430, "avg_prec": 0.4384058010340536}, "accuracy": 0.5634395670475045, "macro avg": {"precision": 0.49975936261425224, "recall": 0.4999561092915524, "f1-score": 0.3989363105618696, "support": 3326, "avg_prec": 0.5069853593042148}, "weighted avg": {"precision": 0.5096050743813044, "recall": 0.5634395670475045, "f1-score": 0.4429929298275628, "support": 3326}}