{"0.0": {"precision": 0.5693118208758643, "recall": 0.9119198312236287, "f1-score": 0.700993310358808, "support": 1896, "avg_prec": 0.5689639971435058}, "1.0": {"precision": 0.42214532871972316, "recall": 0.08531468531468532, "f1-score": 0.1419429901105294, "support": 1430, "avg_prec": 0.4284823112240636}, "accuracy": 0.5565243535778713, "macro avg": {"precision": 0.49572857479779375, "recall": 0.49861725826915704, "f1-score": 0.42146815023466866, "support": 3326, "avg_prec": 0.49872315418378466}, "weighted avg": {"precision": 0.5060381937612276, "recall": 0.5565243535778713, "f1-score": 0.4606319279309552, "support": 3326}}