{"0.0": {"precision": 0.5707850707850708, "recall": 0.9356540084388185, "f1-score": 0.7090327737809752, "support": 1896, "avg_prec": 0.5698463942537194}, "1.0": {"precision": 0.44036697247706424, "recall": 0.06713286713286713, "f1-score": 0.11650485436893204, "support": 1430, "avg_prec": 0.43002508315199617}, "accuracy": 0.5622369212266988, "macro avg": {"precision": 0.5055760216310675, "recall": 0.5013934377858428, "f1-score": 0.4127688140749536, "support": 3326, "avg_prec": 0.4999357387028578}, "weighted avg": {"precision": 0.5147123466177679, "recall": 0.5622369212266988, "f1-score": 0.4542778354889663, "support": 3326}}