{"0.0": {"precision": 0.5699873896595208, "recall": 0.9535864978902954, "f1-score": 0.7134964483030781, "support": 1896, "avg_prec": 0.573516538740466}, "1.0": {"precision": 0.42857142857142855, "recall": 0.046153846153846156, "f1-score": 0.08333333333333333, "support": 1430, "avg_prec": 0.43308391671013213}, "accuracy": 0.5634395670475045, "macro avg": {"precision": 0.49927940911547464, "recall": 0.49987017202207074, "f1-score": 0.39841489081820575, "support": 3326, "avg_prec": 0.5033002277252991}, "weighted avg": {"precision": 0.509186179690798, "recall": 0.5634395670475045, "f1-score": 0.4425604127027369, "support": 3326}}