{"0.0": {"precision": 0.8964961398150505, "recall": 1.0, "f1-score": 0.9454236378276818, "support": 10567, "avg_prec": 0.9097565832213704}, "1.0": {"precision": 1.0, "recall": 0.03785488958990536, "f1-score": 0.0729483282674772, "support": 1268, "avg_prec": 0.20993628956427435}, "accuracy": 0.8969159273341782, "macro avg": {"precision": 0.9482480699075253, "recall": 0.5189274447949527, "f1-score": 0.5091859830475794, "support": 11835, "avg_prec": 0.5598464363928224}, "weighted avg": {"precision": 0.9075855267786768, "recall": 0.8969159273341782, "f1-score": 0.8519467732292585, "support": 11835}}