{"0.0": {"precision": 0.8964113005853906, "recall": 0.9999053657613325, "f1-score": 0.9453341683814978, "support": 10567, "avg_prec": 0.9073307364050907}, "1.0": {"precision": 0.9791666666666666, "recall": 0.03706624605678233, "f1-score": 0.07142857142857141, "support": 1268, "avg_prec": 0.20670597841038985}, "accuracy": 0.8967469370511195, "macro avg": {"precision": 0.9377889836260287, "recall": 0.5184858059090575, "f1-score": 0.5083813699050346, "support": 11835, "avg_prec": 0.5570183574077403}, "weighted avg": {"precision": 0.9052776972217286, "recall": 0.8967469370511195, "f1-score": 0.8517040630214379, "support": 11835}}