{"0.0": {"precision": 0.8966893039049236, "recall": 0.9996214630453298, "f1-score": 0.9453617935293329, "support": 10567, "avg_prec": 0.9013546284594212}, "1.0": {"precision": 0.9272727272727272, "recall": 0.04022082018927445, "f1-score": 0.07709750566893424, "support": 1268, "avg_prec": 0.1693451347109263}, "accuracy": 0.8968314321926489, "macro avg": {"precision": 0.9119810155888255, "recall": 0.5199211416173022, "f1-score": 0.5112296495991335, "support": 11835, "avg_prec": 0.5353498815851737}, "weighted avg": {"precision": 0.8999660069746639, "recall": 0.8968314321926489, "f1-score": 0.8523360971197862, "support": 11835}}