{"0.0": {"precision": 0.6633416458852868, "recall": 0.9820675105485233, "f1-score": 0.7918349989368488, "support": 1896, "avg_prec": 0.6970805026937333}, "1.0": {"precision": 0.9344894026974951, "recall": 0.33916083916083917, "f1-score": 0.4976911236531555, "support": 1430, "avg_prec": 0.6865342100258229}, "accuracy": 0.7056524353577871, "macro avg": {"precision": 0.798915524291391, "recall": 0.6606141748546812, "f1-score": 0.6447630612950022, "support": 3326, "avg_prec": 0.6918073563597782}, "weighted avg": {"precision": 0.7799205070522917, "recall": 0.7056524353577871, "f1-score": 0.6653690513554653, "support": 3326}}