{"0.0": {"precision": 0.6627324749642346, "recall": 0.9773206751054853, "f1-score": 0.7898550724637682, "support": 1896, "avg_prec": 0.6833281075452027}, "1.0": {"precision": 0.9188679245283019, "recall": 0.34055944055944054, "f1-score": 0.4969387755102041, "support": 1430, "avg_prec": 0.6574163784538822}, "accuracy": 0.703547805171377, "macro avg": {"precision": 0.7908001997462683, "recall": 0.6589400578324629, "f1-score": 0.6433969239869861, "support": 3326, "avg_prec": 0.6703722429995425}, "weighted avg": {"precision": 0.7728568564665246, "recall": 0.703547805171377, "f1-score": 0.6639169171289526, "support": 3326}}