{"0.0": {"precision": 0.667022792022792, "recall": 0.9878691983122363, "f1-score": 0.796343537414966, "support": 1896, "avg_prec": 0.7543156562465401}, "1.0": {"precision": 0.9555984555984556, "recall": 0.34615384615384615, "f1-score": 0.5082135523613963, "support": 1430, "avg_prec": 0.7568994237095242}, "accuracy": 0.7119663259170175, "macro avg": {"precision": 0.8113106238106238, "recall": 0.6670115222330413, "f1-score": 0.6522785448881812, "support": 3326, "avg_prec": 0.7556075399780322}, "weighted avg": {"precision": 0.7910947099161171, "recall": 0.7119663259170175, "f1-score": 0.6724632371664379, "support": 3326}}