{"0.0": {"precision": 0.6669031571479248, "recall": 0.9915611814345991, "f1-score": 0.7974549310710498, "support": 1896, "avg_prec": 0.7797584630365116}, "1.0": {"precision": 0.9684418145956607, "recall": 0.34335664335664334, "f1-score": 0.5069695405265874, "support": 1430, "avg_prec": 0.7714579774458054}, "accuracy": 0.7128683102826218, "macro avg": {"precision": 0.8176724858717928, "recall": 0.6674589123956213, "f1-score": 0.6522122357988186, "support": 3326, "avg_prec": 0.7756082202411585}, "weighted avg": {"precision": 0.7965484608611726, "recall": 0.7128683102826218, "f1-score": 0.6725619339337735, "support": 3326}}