{"0.0": {"precision": 0.8924786766606359, "recall": 0.9803160783571496, "f1-score": 0.9343375124019121, "support": 10567, "avg_prec": 0.8924268371840908}, "1.0": {"precision": 0.08771929824561403, "recall": 0.015772870662460567, "f1-score": 0.0267379679144385, "support": 1268, "avg_prec": 0.10701834860178852}, "accuracy": 0.8769750739332488, "macro avg": {"precision": 0.49009898745312497, "recall": 0.4980444745098051, "f1-score": 0.4805377401581753, "support": 11835, "avg_prec": 0.49972259289293963}, "weighted avg": {"precision": 0.8062568860539399, "recall": 0.8769750739332488, "f1-score": 0.8370974429122529, "support": 11835}}