{"0.0": {"precision": 0.8930667800935772, "recall": 0.9934702375319391, "f1-score": 0.9405967207239494, "support": 10567, "avg_prec": 0.8923909157088371}, "1.0": {"precision": 0.1375, "recall": 0.008675078864353312, "f1-score": 0.01632047477744807, "support": 1268, "avg_prec": 0.10717328210724529}, "accuracy": 0.8879594423320659, "macro avg": {"precision": 0.5152833900467886, "recall": 0.5010726581981462, "f1-score": 0.4784585977506987, "support": 11835, "avg_prec": 0.4997820989080412}, "weighted avg": {"precision": 0.8121154765736232, "recall": 0.8879594423320659, "f1-score": 0.8415699121172604, "support": 11835}}