{"0.0": {"precision": 0.5731362063541995, "recall": 0.9609704641350211, "f1-score": 0.7180295566502464, "support": 1896, "avg_prec": 0.5702624213679983}, "1.0": {"precision": 0.4965986394557823, "recall": 0.05104895104895105, "f1-score": 0.09258084971464807, "support": 1430, "avg_prec": 0.43169617941763216}, "accuracy": 0.5697534576067348, "macro avg": {"precision": 0.5348674229049909, "recall": 0.506009707591986, "f1-score": 0.4053052031824472, "support": 3326, "avg_prec": 0.5009793003928152}, "weighted avg": {"precision": 0.5402291947292035, "recall": 0.5697534576067348, "f1-score": 0.4491204613652477, "support": 3326}}