{"0.0": {"precision": 0.5729974160206718, "recall": 0.9356540084388185, "f1-score": 0.7107371794871795, "support": 1896, "avg_prec": 0.5695597076428329}, "1.0": {"precision": 0.46956521739130436, "recall": 0.07552447552447553, "f1-score": 0.13012048192771083, "support": 1430, "avg_prec": 0.43139273424480085}, "accuracy": 0.565844858689116, "macro avg": {"precision": 0.5212813167059881, "recall": 0.505589241981647, "f1-score": 0.4204288307074452, "support": 3326, "avg_prec": 0.5004762209438169}, "weighted avg": {"precision": 0.5285271682636076, "recall": 0.565844858689116, "f1-score": 0.46110342196762444, "support": 3326}}