{"0.0": {"precision": 0.5729593444689568, "recall": 0.9588607594936709, "f1-score": 0.7173012428486881, "support": 1896, "avg_prec": 0.5708153621924656}, "1.0": {"precision": 0.49019607843137253, "recall": 0.05244755244755245, "f1-score": 0.09475679090334807, "support": 1430, "avg_prec": 0.43227584802889424}, "accuracy": 0.569152134696332, "macro avg": {"precision": 0.5315777114501646, "recall": 0.5056541559706117, "f1-score": 0.4060290168760181, "support": 3326, "avg_prec": 0.5015456051106799}, "weighted avg": {"precision": 0.5373756191431163, "recall": 0.569152134696332, "f1-score": 0.4496408200339448, "support": 3326}}