{"0.0": {"precision": 0.5724709784411277, "recall": 0.9103375527426161, "f1-score": 0.7029118305844023, "support": 1896, "avg_prec": 0.5752636769188155}, "1.0": {"precision": 0.4533762057877814, "recall": 0.0986013986013986, "f1-score": 0.16197587593337162, "support": 1430, "avg_prec": 0.4361997963480119}, "accuracy": 0.5613349368610944, "macro avg": {"precision": 0.5129235921144546, "recall": 0.5044694756720074, "f1-score": 0.43244385325888696, "support": 3326, "avg_prec": 0.5057317366334138}, "weighted avg": {"precision": 0.5212666714975663, "recall": 0.5613349368610944, "f1-score": 0.4703386450308925, "support": 3326}}