{"precision": 0.3559333333333333, "recall": 0.3446666666666667, "realism": 1.0625746408438284, "model_name": "arlm_large_top15", "k": 3, "masked_mean": true, "emb_model": "prot_t5_xl_half"}