{"precision": 0.11266666666666666, "recall": 0.0086, "realism": 0.9997036038280733, "model_name": "arlm_large_top10_t0_9", "k": 3, "masked_mean": true, "emb_model": "prot_t5_xl_half"}