{"precision": 0.03383333333333333, "recall": 0.0031333333333333335, "realism": 0.8864103196324066, "model_name": "arlm_large_top5", "k": 3, "masked_mean": true, "emb_model": "prot_t5_xl_half"}