{"precision": 0.13666666666666666, "recall": 0.0067, "realism": 1.0726901689207478, "model_name": "arlm_large_top10", "k": 3, "masked_mean": true, "emb_model": "prot_t5_xl_half"}