{"precision": 0.13226666666666667, "recall": 0.006033333333333333, "realism": 0.9360143129090059, "model_name": "arlm_large_top10_uncond", "k": 3, "masked_mean": true, "emb_model": "prot_t5_xl_half"}