{"precision": 0.13336666666666666, "recall": 0.7027333333333333, "realism": 1.1426581048622015, "model_name": "arlm_large_top10", "k": 3, "masked_mean": true, "emb_model": "prot_t5_xl_half"}