{"precision": 0.03836666666666667, "recall": 0.082, "realism": 0.8608108092657314, "model_name": "arlm_small_top5", "k": 3, "masked_mean": true, "emb_model": "prot_t5_xl_half"}