{"precision": 0.13263333333333333, "recall": 0.6459666666666667, "realism": 0.9284988082903711, "model_name": "arlm_large_top10_v0", "k": 3, "masked_mean": true, "emb_model": "prot_t5_xl_half"}