{"precision": 0.13816666666666666, "recall": 0.12766666666666668, "realism": 1.0847108084763195, "model_name": "arlm_large_top10", "k": 3, "masked_mean": true, "emb_model": "prot_t5_xl_half"}