{"precision": 0.48436666666666667, "recall": 0.010066666666666666, "realism": 0.9922670599409734, "model_name": "arlm_large_top15_t1_5", "k": 3, "masked_mean": true, "emb_model": "prot_t5_xl_half"}