{"precision": 0.053766666666666664, "recall": 0.0209, "realism": 0.8835603772920825, "model_name": "arlm_large_top5_t1_5", "k": 3, "masked_mean": true, "emb_model": "prot_t5_xl_half"}