{"precision": 0.13313333333333333, "recall": 0.14336666666666667, "realism": 1.3667503928529996, "model_name": "arlm_large_top10", "k": 3, "masked_mean": true, "emb_model": "prot_t5_xl_half"}