{"precision": 0.2167, "recall": 0.0021333333333333334, "realism": 0.920114798410237, "model_name": "arlm_small_top10", "k": 3, "masked_mean": true, "emb_model": "prot_t5_xl_half"}