{"precision": 0.12823333333333334, "recall": 0.3525333333333333, "realism": 1.001758261160729, "model_name": "arlm_large_top10_uncond", "k": 3, "masked_mean": true, "emb_model": "prot_t5_xl_half"}