{"precision": 0.4255333333333333, "recall": 0.020733333333333333, "realism": 1.2318868598206034, "model_name": "arlm_large_top15_t1_2", "k": 3, "masked_mean": true, "emb_model": "prot_t5_xl_half"}