{"precision": 0.12936666666666666, "recall": 0.31206666666666666, "realism": 0.9120030485243045, "model_name": "arlm_large_top10_uncond", "k": 3, "masked_mean": true, "emb_model": "prot_t5_xl_half"}