{"precision": 0.13073333333333334, "recall": 0.010766666666666667, "realism": 1.0246490666716768, "model_name": "arlm_large_top10_uncond", "k": 3, "masked_mean": true, "emb_model": "prot_t5_xl_half"}