{"precision": 0.00013333333333333334, "recall": 0.0, "realism": 0.6824346936556936, "model_name": "d3pm_large_s20_top10", "k": 3, "masked_mean": true, "emb_model": "prot_t5_xl_half"}