{"precision": 0.2423, "recall": 0.009266666666666666, "realism": 2.1572103254262514, "model_name": "rand_50_1", "k": 3, "masked_mean": true, "emb_model": "prot_t5_xl_half"}