{"precision": 0.23906666666666668, "recall": 0.011066666666666667, "realism": 1.4044589323767132, "model_name": "rand_50_0", "k": 3, "masked_mean": true, "emb_model": "prot_t5_xl_half"}