{"precision": 0.3879666666666667, "recall": 0.37883333333333336, "realism": 3.5506216353066677, "model_name": "rand_25_0", "k": 3, "masked_mean": true, "emb_model": "prot_t5_xl_half"}