{"precision": 0.23893333333333333, "recall": 0.009433333333333334, "realism": 1.465910817906234, "model_name": "rand_50_5", "k": 3, "masked_mean": true, "emb_model": "prot_t5_xl_half"}