{"precision": 0.2396, "recall": 0.008733333333333333, "realism": 1.4324918933329873, "model_name": "rand_50_3", "k": 3, "masked_mean": true, "emb_model": "prot_t5_xl_half"}