{"0.0": {"precision": 0.9931151560878997, "recall": 0.9964985331693007, "f1-score": 0.9948039678790742, "support": 10567, "avg_prec": 0.9996357862067119}, "1.0": {"precision": 0.9699675324675324, "recall": 0.942429022082019, "f1-score": 0.956, "support": 1268, "avg_prec": 0.9932426214491904}, "accuracy": 0.9907055344317701, "macro avg": {"precision": 0.9815413442777161, "recall": 0.9694637776256598, "f1-score": 0.9754019839395371, "support": 11835, "avg_prec": 0.9964392038279511}, "weighted avg": {"precision": 0.9906351234093508, "recall": 0.9907055344317701, "f1-score": 0.9906465169901292, "support": 11835}}