{"0.0": {"precision": 0.9884333270641339, "recall": 0.9947004826346172, "f1-score": 0.9915570020282062, "support": 10567, "avg_prec": 0.9993234461787515}, "1.0": {"precision": 0.9533721898417985, "recall": 0.9029968454258676, "f1-score": 0.9275010125556906, "support": 1268, "avg_prec": 0.975123852602279}, "accuracy": 0.9848753696662442, "macro avg": {"precision": 0.9709027584529661, "recall": 0.9488486640302424, "f1-score": 0.9595290072919485, "support": 11835, "avg_prec": 0.9872236493905152}, "weighted avg": {"precision": 0.9846768824508748, "recall": 0.9848753696662442, "f1-score": 0.9846940535997187, "support": 11835}}