{"0.0": {"precision": 0.9747329307942406, "recall": 0.9929970663386013, "f1-score": 0.9837802362647665, "support": 10567, "avg_prec": 0.9991119608274512}, "1.0": {"precision": 0.930841121495327, "recall": 0.7854889589905363, "f1-score": 0.8520102651839178, "support": 1268, "avg_prec": 0.9498220245395697}, "accuracy": 0.9707646810308407, "macro avg": {"precision": 0.9527870261447838, "recall": 0.8892430126645687, "f1-score": 0.9178952507243421, "support": 11835, "avg_prec": 0.9744669926835104}, "weighted avg": {"precision": 0.9700303693923799, "recall": 0.9707646810308407, "f1-score": 0.9696624227176168, "support": 11835}}