{"0.0": {"precision": 0.9816959282779231, "recall": 0.9947951168732847, "f1-score": 0.9882021151586369, "support": 10567, "avg_prec": 0.9996610214133468}, "1.0": {"precision": 0.9511978704525288, "recall": 0.8454258675078864, "f1-score": 0.895198329853862, "support": 1268, "avg_prec": 0.9769789728219412}, "accuracy": 0.9787917194761301, "macro avg": {"precision": 0.966446899365226, "recall": 0.9201104921905856, "f1-score": 0.9417002225062494, "support": 11835, "avg_prec": 0.988319997117644}, "weighted avg": {"precision": 0.978428371258692, "recall": 0.9787917194761301, "f1-score": 0.9782377045319826, "support": 11835}}