{"0.0": {"precision": 0.9792016414847976, "recall": 0.9935648717706066, "f1-score": 0.9863309690450467, "support": 10567, "avg_prec": 0.9995527126307774}, "1.0": {"precision": 0.9389038634321654, "recall": 0.8241324921135647, "f1-score": 0.877782444351113, "support": 1268, "avg_prec": 0.9696031551217679}, "accuracy": 0.9754119138149556, "macro avg": {"precision": 0.9590527524584815, "recall": 0.9088486819420856, "f1-score": 0.9320567066980798, "support": 11835, "avg_prec": 0.9845779338762726}, "weighted avg": {"precision": 0.9748841440136747, "recall": 0.9754119138149556, "f1-score": 0.9747010975358023, "support": 11835}}