{"0.0": {"precision": 0.9912305516265912, "recall": 0.9947951168732847, "f1-score": 0.9930096353674663, "support": 10567, "avg_prec": 0.999240934836864}, "1.0": {"precision": 0.9552845528455285, "recall": 0.9266561514195584, "f1-score": 0.9407526020816653, "support": 1268, "avg_prec": 0.9797363117531446}, "accuracy": 0.9874947190536544, "macro avg": {"precision": 0.9732575522360598, "recall": 0.9607256341464215, "f1-score": 0.9668811187245658, "support": 11835, "avg_prec": 0.9894886232950043}, "weighted avg": {"precision": 0.9873793030879865, "recall": 0.9874947190536544, "f1-score": 0.9874108252106099, "support": 11835}}