{"0.0": {"precision": 0.9954665659236872, "recall": 0.9974448755559762, "f1-score": 0.9964547388324273, "support": 10567, "avg_prec": 0.9994940864397776}, "1.0": {"precision": 0.9783480352846833, "recall": 0.9621451104100947, "f1-score": 0.970178926441352, "support": 1268, "avg_prec": 0.9950513848145126}, "accuracy": 0.9936628643852978, "macro avg": {"precision": 0.9869073006041853, "recall": 0.9797949929830354, "f1-score": 0.9833168326368896, "support": 11835, "avg_prec": 0.9972727356271451}, "weighted avg": {"precision": 0.9936324892992464, "recall": 0.9936628643852978, "f1-score": 0.9936395525111865, "support": 11835}}