{"0.0": {"precision": 0.9786579683131408, "recall": 0.9937541402479417, "f1-score": 0.9861482837958397, "support": 10567, "avg_prec": 0.9992313837976575}, "1.0": {"precision": 0.9402714932126697, "recall": 0.8194006309148265, "f1-score": 0.8756847871892119, "support": 1268, "avg_prec": 0.9559051169304669}, "accuracy": 0.9750739332488382, "macro avg": {"precision": 0.9594647307629052, "recall": 0.9065773855813841, "f1-score": 0.9309165354925258, "support": 11835, "avg_prec": 0.9775682503640621}, "weighted avg": {"precision": 0.9745452475334706, "recall": 0.9750739332488382, "f1-score": 0.9743132425033002, "support": 11835}}