{"0.0": {"precision": 0.9894792214623882, "recall": 0.9920886075949367, "f1-score": 0.990782196470898, "support": 1896, "avg_prec": 0.9997586540958419}, "1.0": {"precision": 0.9894736842105263, "recall": 0.986013986013986, "f1-score": 0.9877408056042032, "support": 1430, "avg_prec": 0.9995738434120467}, "accuracy": 0.9894768490679495, "macro avg": {"precision": 0.9894764528364572, "recall": 0.9890512968044614, "f1-score": 0.9892615010375506, "support": 3326, "avg_prec": 0.9996662487539443}, "weighted avg": {"precision": 0.9894768407437585, "recall": 0.9894768490679495, "f1-score": 0.98947456299544, "support": 3326}}