{"0.0": {"precision": 0.974385781495034, "recall": 0.9831223628691983, "f1-score": 0.9787345760042004, "support": 1896, "avg_prec": 0.9985901749202368}, "1.0": {"precision": 0.9773531493276716, "recall": 0.9657342657342657, "f1-score": 0.9715089693985227, "support": 1430, "avg_prec": 0.9974955711186099}, "accuracy": 0.9756464221286831, "macro avg": {"precision": 0.9758694654113528, "recall": 0.974428314301732, "f1-score": 0.9751217727013616, "support": 3326, "avg_prec": 0.9980428730194233}, "weighted avg": {"precision": 0.9756615890719047, "recall": 0.9756464221286831, "f1-score": 0.9756279562068104, "support": 3326}}