{"0.0": {"precision": 0.9853326348873755, "recall": 0.9920886075949367, "f1-score": 0.9886990801576873, "support": 1896, "avg_prec": 0.9992005284179448}, "1.0": {"precision": 0.9894142554693014, "recall": 0.9804195804195804, "f1-score": 0.9848963821566562, "support": 1430, "avg_prec": 0.9986024289880734}, "accuracy": 0.9870715574263379, "macro avg": {"precision": 0.9873734451783385, "recall": 0.9862540940072586, "f1-score": 0.9867977311571717, "support": 3326, "avg_prec": 0.998901478703009}, "weighted avg": {"precision": 0.9870875108441266, "recall": 0.9870715574263379, "f1-score": 0.9870641258156925, "support": 3326}}