{"0.0": {"precision": 0.9790356394129979, "recall": 0.9852320675105485, "f1-score": 0.982124079915878, "support": 1896, "avg_prec": 0.9986350807751246}, "1.0": {"precision": 0.9802538787023978, "recall": 0.972027972027972, "f1-score": 0.9761235955056179, "support": 1430, "avg_prec": 0.9976441364935107}, "accuracy": 0.9795550210463019, "macro avg": {"precision": 0.9796447590576978, "recall": 0.9786300197692602, "f1-score": 0.979123837710748, "support": 3326, "avg_prec": 0.9981396086343177}, "weighted avg": {"precision": 0.9795594163774722, "recall": 0.9795550210463019, "f1-score": 0.9795441963600535, "support": 3326}}