{"0.0": {"precision": 0.9947340705634544, "recall": 0.9963080168776371, "f1-score": 0.9955204216073782, "support": 1896, "avg_prec": 0.9999662425839779}, "1.0": {"precision": 0.9950946040644709, "recall": 0.993006993006993, "f1-score": 0.9940497024851243, "support": 1430, "avg_prec": 0.9999404105640775}, "accuracy": 0.9948887552615755, "macro avg": {"precision": 0.9949143373139626, "recall": 0.9946575049423151, "f1-score": 0.9947850620462513, "support": 3326, "avg_prec": 0.9999533265740277}, "weighted avg": {"precision": 0.9948890804571567, "recall": 0.9948887552615755, "f1-score": 0.9948880919787483, "support": 3326}}