{"0.0": {"precision": 0.9590248962655602, "recall": 0.9752109704641351, "f1-score": 0.967050209205021, "support": 1896, "avg_prec": 0.9960764142261733}, "1.0": {"precision": 0.9663805436337625, "recall": 0.9447552447552447, "f1-score": 0.9554455445544554, "support": 1430, "avg_prec": 0.9933509133667409}, "accuracy": 0.9621166566446182, "macro avg": {"precision": 0.9627027199496614, "recall": 0.9599831076096899, "f1-score": 0.9612478768797382, "support": 3326, "avg_prec": 0.9947136637964571}, "weighted avg": {"precision": 0.9621874265531517, "recall": 0.9621166566446182, "f1-score": 0.9620608314388428, "support": 3326}}