{"0.0": {"precision": 0.9662337662337662, "recall": 0.9810126582278481, "f1-score": 0.9735671290238157, "support": 1896, "avg_prec": 0.9969777782812679}, "1.0": {"precision": 0.974304068522484, "recall": 0.9545454545454546, "f1-score": 0.9643235605793007, "support": 1430, "avg_prec": 0.9948546468871055}, "accuracy": 0.9696331930246542, "macro avg": {"precision": 0.9702689173781252, "recall": 0.9677790563866513, "f1-score": 0.9689453448015581, "support": 3326, "avg_prec": 0.9959162125841867}, "weighted avg": {"precision": 0.9697035594607254, "recall": 0.9696331930246542, "f1-score": 0.9695928948459274, "support": 3326}}