{"0.0": {"precision": 0.9657498702646601, "recall": 0.9815400843881856, "f1-score": 0.9735809573633272, "support": 1896, "avg_prec": 0.997855613536419}, "1.0": {"precision": 0.9749821300929236, "recall": 0.9538461538461539, "f1-score": 0.9642983386355604, "support": 1430, "avg_prec": 0.9962475484204456}, "accuracy": 0.9696331930246542, "macro avg": {"precision": 0.9703660001787918, "recall": 0.9676931191171698, "f1-score": 0.9689396479994438, "support": 3326, "avg_prec": 0.9970515809784324}, "weighted avg": {"precision": 0.9697192423495719, "recall": 0.9696331930246542, "f1-score": 0.9695899336770053, "support": 3326}}