{"0.0": {"precision": 0.8965956363018932, "recall": 0.9994321945679947, "f1-score": 0.9452250962140875, "support": 10567, "avg_prec": 0.901111731877284}, "1.0": {"precision": 0.8928571428571429, "recall": 0.03943217665615142, "f1-score": 0.07552870090634442, "support": 1268, "avg_prec": 0.16847820158933696}, "accuracy": 0.8965779467680608, "macro avg": {"precision": 0.8947263895795181, "recall": 0.519432185612073, "f1-score": 0.510376898560216, "support": 11835, "avg_prec": 0.5347949667333105}, "weighted avg": {"precision": 0.8961950947144032, "recall": 0.8965779467680608, "f1-score": 0.8520459640425438, "support": 11835}}