{"0.0": {"precision": 0.8965927436485682, "recall": 0.9985804864199868, "f1-score": 0.9448424068767907, "support": 10567, "avg_prec": 0.9002416632378576}, "1.0": {"precision": 0.7727272727272727, "recall": 0.04022082018927445, "f1-score": 0.07646176911544228, "support": 1268, "avg_prec": 0.16165164900077122}, "accuracy": 0.8959019856358259, "macro avg": {"precision": 0.8346600081879205, "recall": 0.5194006533046306, "f1-score": 0.5106520879961165, "support": 11835, "avg_prec": 0.5309466561193144}, "weighted avg": {"precision": 0.8833218169795185, "recall": 0.8959019856358259, "f1-score": 0.851804244757535, "support": 11835}}