{"0.0": {"precision": 0.8965722043101986, "recall": 1.0, "f1-score": 0.945465932984387, "support": 10567, "avg_prec": 0.9088177323498858}, "1.0": {"precision": 1.0, "recall": 0.038643533123028394, "f1-score": 0.07441154138192863, "support": 1268, "avg_prec": 0.2168511776610968}, "accuracy": 0.8970004224757077, "macro avg": {"precision": 0.9482861021550992, "recall": 0.5193217665615142, "f1-score": 0.5099387371831579, "support": 11835, "avg_prec": 0.5628344550054913}, "weighted avg": {"precision": 0.907653441736026, "recall": 0.8970004224757077, "f1-score": 0.8521413053078414, "support": 11835}}