{"0.0": {"precision": 0.8967156072307562, "recall": 0.9999053657613325, "f1-score": 0.9455033557046979, "support": 10567, "avg_prec": 0.9064595407555175}, "1.0": {"precision": 0.9807692307692307, "recall": 0.04022082018927445, "f1-score": 0.07727272727272726, "support": 1268, "avg_prec": 0.19681918616690391}, "accuracy": 0.897084917617237, "macro avg": {"precision": 0.9387424189999934, "recall": 0.5200630929753035, "f1-score": 0.5113880414887125, "support": 11835, "avg_prec": 0.5516393634612107}, "weighted avg": {"precision": 0.9057210989626351, "recall": 0.897084917617237, "f1-score": 0.8524812655609091, "support": 11835}}