{"0.0": {"precision": 0.6646536412078152, "recall": 0.9868143459915611, "f1-score": 0.7943111865845893, "support": 1896, "avg_prec": 0.7628906203616902}, "1.0": {"precision": 0.9510763209393346, "recall": 0.33986013986013985, "f1-score": 0.500772797527048, "support": 1430, "avg_prec": 0.7643501752617694}, "accuracy": 0.7086590499098016, "macro avg": {"precision": 0.807864981073575, "recall": 0.6633372429258505, "f1-score": 0.6475419920558186, "support": 3326, "avg_prec": 0.7636203978117297}, "weighted avg": {"precision": 0.7877998925656243, "recall": 0.7086590499098016, "f1-score": 0.6681055653121046, "support": 3326}}