{"0.0": {"precision": 0.6667859699355763, "recall": 0.9825949367088608, "f1-score": 0.794456289978678, "support": 1896, "avg_prec": 0.6891330965777305}, "1.0": {"precision": 0.9379699248120301, "recall": 0.34895104895104895, "f1-score": 0.5086646279306829, "support": 1430, "avg_prec": 0.6834951786496071}, "accuracy": 0.7101623571858088, "macro avg": {"precision": 0.8023779473738032, "recall": 0.6657729928299548, "f1-score": 0.6515604589546804, "support": 3326, "avg_prec": 0.6863141376136688}, "weighted avg": {"precision": 0.7833803943112013, "recall": 0.7101623571858088, "f1-score": 0.6715813420746993, "support": 3326}}