{"0.0": {"precision": 0.6635846372688478, "recall": 0.9841772151898734, "f1-score": 0.7926932880203907, "support": 1896, "avg_prec": 0.7096163409697994}, "1.0": {"precision": 0.9416342412451362, "recall": 0.3384615384615385, "f1-score": 0.49794238683127584, "support": 1430, "avg_prec": 0.6950158405733211}, "accuracy": 0.7065544197233915, "macro avg": {"precision": 0.802609439256992, "recall": 0.661319376825706, "f1-score": 0.6453178374258333, "support": 3326, "avg_prec": 0.7023160907715602}, "weighted avg": {"precision": 0.7831309191949128, "recall": 0.7065544197233915, "f1-score": 0.6659663521513486, "support": 3326}}