{"0.0": {"precision": 0.665956691515797, "recall": 0.989451476793249, "f1-score": 0.7960959049437726, "support": 1896, "avg_prec": 0.7703373767217285}, "1.0": {"precision": 0.9607072691552063, "recall": 0.34195804195804197, "f1-score": 0.5043837029396596, "support": 1430, "avg_prec": 0.7562060524469956}, "accuracy": 0.7110643415514131, "macro avg": {"precision": 0.8133319803355017, "recall": 0.6657047593756454, "f1-score": 0.6502398039417161, "support": 3326, "avg_prec": 0.763271714584362}, "weighted avg": {"precision": 0.7926834882759759, "recall": 0.7110643415514131, "f1-score": 0.6706754452727318, "support": 3326}}