{"0.0": {"precision": 0.8959640495167034, "recall": 1.0, "f1-score": 0.9451276776530566, "support": 10567, "avg_prec": 0.9050653693759468}, "1.0": {"precision": 1.0, "recall": 0.032334384858044164, "f1-score": 0.06264323911382735, "support": 1268, "avg_prec": 0.17731729446879774}, "accuracy": 0.8963244613434728, "macro avg": {"precision": 0.9479820247583517, "recall": 0.5161671924290221, "f1-score": 0.503885458383442, "support": 11835, "avg_prec": 0.5411913319223722}, "weighted avg": {"precision": 0.9071104445494723, "recall": 0.8963244613434728, "f1-score": 0.8505784365826939, "support": 11835}}