{"0.0": {"precision": 0.8960674157303371, "recall": 0.9962146304532981, "f1-score": 0.9434909253865114, "support": 10567, "avg_prec": 0.8987990947498985}, "1.0": {"precision": 0.5402298850574713, "recall": 0.03706624605678233, "f1-score": 0.06937269372693727, "support": 1268, "avg_prec": 0.14171325003364257}, "accuracy": 0.8934516265314745, "macro avg": {"precision": 0.7181486503939042, "recall": 0.5166404382550402, "f1-score": 0.5064318095567243, "support": 11835, "avg_prec": 0.5202561723917706}, "weighted avg": {"precision": 0.8579430398204771, "recall": 0.8934516265314745, "f1-score": 0.8498380383781176, "support": 11835}}