{"0.0": {"precision": 0.8958880881729546, "recall": 1.0, "f1-score": 0.9450854127537788, "support": 10567, "avg_prec": 0.9073954287370424}, "1.0": {"precision": 1.0, "recall": 0.031545741324921134, "f1-score": 0.061162079510703356, "support": 1268, "avg_prec": 0.18595803488459092}, "accuracy": 0.8962399662019433, "macro avg": {"precision": 0.9479440440864773, "recall": 0.5157728706624606, "f1-score": 0.5031237461322411, "support": 11835, "avg_prec": 0.5466767318108167}, "weighted avg": {"precision": 0.9070426216918979, "recall": 0.8962399662019433, "f1-score": 0.8503820087358471, "support": 11835}}