{"0.0": {"precision": 0.895889945652174, "recall": 0.9983912179426516, "f1-score": 0.9443673633800296, "support": 10567, "avg_prec": 0.9002773540488617}, "1.0": {"precision": 0.711864406779661, "recall": 0.033123028391167195, "f1-score": 0.06330067822155237, "support": 1268, "avg_prec": 0.15398741333195243}, "accuracy": 0.894972539079003, "macro avg": {"precision": 0.8038771762159175, "recall": 0.5157571231669094, "f1-score": 0.503834020800791, "support": 11835, "avg_prec": 0.527132383690407}, "weighted avg": {"precision": 0.8761734789609743, "recall": 0.894972539079003, "f1-score": 0.8499700201792734, "support": 11835}}