{"0.0": {"precision": 0.6498784300104203, "recall": 0.9868143459915611, "f1-score": 0.7836649214659687, "support": 1896, "avg_prec": 0.7211915244320108}, "1.0": {"precision": 0.9440715883668904, "recall": 0.2951048951048951, "f1-score": 0.44965370271710176, "support": 1430, "avg_prec": 0.7010964589496307}, "accuracy": 0.6894167167769092, "macro avg": {"precision": 0.7969750091886554, "recall": 0.6409596205482282, "f1-score": 0.6166593120915352, "support": 3326, "avg_prec": 0.7111439916908208}, "weighted avg": {"precision": 0.7763655666459442, "recall": 0.6894167167769092, "f1-score": 0.6400581737777907, "support": 3326}}