{"0.0": {"precision": 0.6487430167597765, "recall": 0.979957805907173, "f1-score": 0.780672268907563, "support": 1896, "avg_prec": 0.6794594115596242}, "1.0": {"precision": 0.9177489177489178, "recall": 0.2965034965034965, "f1-score": 0.4482029598308668, "support": 1430, "avg_prec": 0.6812246499142278}, "accuracy": 0.6861094407696934, "macro avg": {"precision": 0.7832459672543471, "recall": 0.6382306512053347, "f1-score": 0.614437614369215, "support": 3326, "avg_prec": 0.680342030736926}, "weighted avg": {"precision": 0.7644009958380904, "recall": 0.6861094407696934, "f1-score": 0.6377284589317135, "support": 3326}}