{"0.0": {"precision": 0.6476157082748948, "recall": 0.9741561181434599, "f1-score": 0.7780117944397641, "support": 1896, "avg_prec": 0.6634423976141623}, "1.0": {"precision": 0.8966244725738397, "recall": 0.2972027972027972, "f1-score": 0.44642857142857145, "support": 1430, "avg_prec": 0.6421955790257509}, "accuracy": 0.6831028262176789, "macro avg": {"precision": 0.7721200904243672, "recall": 0.6356794576731286, "f1-score": 0.6122201829341678, "support": 3326, "avg_prec": 0.6528189883199567}, "weighted avg": {"precision": 0.7546760008027034, "recall": 0.6831028262176789, "f1-score": 0.6354489535179344, "support": 3326}}