{"0.0": {"precision": 0.6499133448873483, "recall": 0.9889240506329114, "f1-score": 0.7843547375026145, "support": 1896, "avg_prec": 0.746923057054103}, "1.0": {"precision": 0.9523809523809523, "recall": 0.2937062937062937, "f1-score": 0.44895777659005875, "support": 1430, "avg_prec": 0.7282217690546492}, "accuracy": 0.6900180396873121, "macro avg": {"precision": 0.8011471486341504, "recall": 0.6413151721696025, "f1-score": 0.6166562570463366, "support": 3326, "avg_prec": 0.7375724130543762}, "weighted avg": {"precision": 0.7799580468464145, "recall": 0.6900180396873121, "f1-score": 0.6401521956791164, "support": 3326}}