{"0.0": {"precision": 0.9826070517062104, "recall": 0.9837229109491814, "f1-score": 0.9831646647120023, "support": 10567, "avg_prec": 0.9913011751733456}, "1.0": {"precision": 0.8630573248407644, "recall": 0.8548895899053628, "f1-score": 0.8589540412044374, "support": 1268, "avg_prec": 0.9177776150065992}, "accuracy": 0.9699197296155471, "macro avg": {"precision": 0.9228321882734873, "recall": 0.9193062504272721, "f1-score": 0.9210593529582198, "support": 11835, "avg_prec": 0.9545393950899723}, "weighted avg": {"precision": 0.9697985131624516, "recall": 0.9699197296155471, "f1-score": 0.9698567584502708, "support": 11835}}