{"0.0": {"precision": 0.9612403100775194, "recall": 0.9974448755559762, "f1-score": 0.9790079881107189, "support": 10567, "avg_prec": 0.9935789774214144}, "1.0": {"precision": 0.9689655172413794, "recall": 0.6648264984227129, "f1-score": 0.7885874649204864, "support": 1268, "avg_prec": 0.9201711766053763}, "accuracy": 0.9618081960287284, "macro avg": {"precision": 0.9651029136594493, "recall": 0.8311356869893445, "f1-score": 0.8837977265156026, "support": 11835, "avg_prec": 0.9568750770133954}, "weighted avg": {"precision": 0.9620679875328446, "recall": 0.9618081960287284, "f1-score": 0.9586063638263745, "support": 11835}}