{"0.0": {"precision": 0.95722459358823, "recall": 0.9974448755559762, "f1-score": 0.9769209379923998, "support": 10567, "avg_prec": 0.9937678684580568}, "1.0": {"precision": 0.9672330097087378, "recall": 0.6285488958990536, "f1-score": 0.7619502868068834, "support": 1268, "avg_prec": 0.9158136268073189}, "accuracy": 0.9579214195183777, "macro avg": {"precision": 0.9622288016484839, "recall": 0.8129968857275149, "f1-score": 0.8694356123996416, "support": 11835, "avg_prec": 0.9547907476326878}, "weighted avg": {"precision": 0.9582968936846222, "recall": 0.9579214195183777, "f1-score": 0.9538890169359371, "support": 11835}}