{"0.0": {"precision": 0.9606270506744441, "recall": 0.9974448755559762, "f1-score": 0.978689818468824, "support": 10567, "avg_prec": 0.9927828750894263}, "1.0": {"precision": 0.9687137891077636, "recall": 0.6593059936908517, "f1-score": 0.7846081651806663, "support": 1268, "avg_prec": 0.8978263983988869}, "accuracy": 0.9612167300380228, "macro avg": {"precision": 0.9646704198911038, "recall": 0.828375434623414, "f1-score": 0.8816489918247452, "support": 11835, "avg_prec": 0.9453046367441567}, "weighted avg": {"precision": 0.9614934625319387, "recall": 0.9612167300380228, "f1-score": 0.9578959412935487, "support": 11835}}