{"0.0": {"precision": 0.9778295295761528, "recall": 0.9933756032932715, "f1-score": 0.9855412637311051, "support": 10567, "avg_prec": 0.9922531491689628}, "1.0": {"precision": 0.9363636363636364, "recall": 0.8123028391167192, "f1-score": 0.8699324324324325, "support": 1268, "avg_prec": 0.9254194620581606}, "accuracy": 0.9739754964089565, "macro avg": {"precision": 0.9570965829698945, "recall": 0.9028392212049954, "f1-score": 0.9277368480817687, "support": 11835, "avg_prec": 0.9588363056135617}, "weighted avg": {"precision": 0.9733868804343302, "recall": 0.9739754964089565, "f1-score": 0.973154952105696, "support": 11835}}