{"0.0": {"precision": 0.9824213212361781, "recall": 0.9837229109491814, "f1-score": 0.9830716852657462, "support": 10567, "avg_prec": 0.9903463372098358}, "1.0": {"precision": 0.8628389154704944, "recall": 0.8533123028391167, "f1-score": 0.8580491673275178, "support": 1268, "avg_prec": 0.8743379728127796}, "accuracy": 0.9697507393324883, "macro avg": {"precision": 0.9226301183533363, "recall": 0.9185176068941491, "f1-score": 0.920560426296632, "support": 11835, "avg_prec": 0.9323421550113077}, "weighted avg": {"precision": 0.9696092814802941, "recall": 0.9697507393324883, "f1-score": 0.9696767927650555, "support": 11835}}