{"0.0": {"precision": 0.9560090702947845, "recall": 0.9974448755559762, "f1-score": 0.9762875138940348, "support": 10567, "avg_prec": 0.9929803741194678}, "1.0": {"precision": 0.9666666666666667, "recall": 0.6175078864353313, "f1-score": 0.7536092396535131, "support": 1268, "avg_prec": 0.8966462929948685}, "accuracy": 0.9567384875369667, "macro avg": {"precision": 0.9613378684807257, "recall": 0.8074763809956538, "f1-score": 0.864948376773774, "support": 11835, "avg_prec": 0.9448133335571682}, "weighted avg": {"precision": 0.9571509234590893, "recall": 0.9567384875369667, "f1-score": 0.9524297993408468, "support": 11835}}