{"0.0": {"precision": 0.9543355566957414, "recall": 0.9810126582278481, "f1-score": 0.9674902470741222, "support": 1896, "avg_prec": 0.9954861268813737}, "1.0": {"precision": 0.9738562091503268, "recall": 0.9377622377622378, "f1-score": 0.955468471677948, "support": 1430, "avg_prec": 0.9927560183515831}, "accuracy": 0.9624173180998196, "macro avg": {"precision": 0.9640958829230342, "recall": 0.9593874479950429, "f1-score": 0.9614793593760351, "support": 3326, "avg_prec": 0.9941210726164784}, "weighted avg": {"precision": 0.962728380811814, "recall": 0.9624173180998196, "f1-score": 0.9623215342609746, "support": 3326}}