{"0.0": {"precision": 0.9496143958868895, "recall": 0.9741561181434599, "f1-score": 0.9617287164800833, "support": 1896, "avg_prec": 0.9943874491862247}, "1.0": {"precision": 0.9645184648805214, "recall": 0.9314685314685315, "f1-score": 0.9477054429028817, "support": 1430, "avg_prec": 0.9911722660372361}, "accuracy": 0.9558027660853878, "macro avg": {"precision": 0.9570664303837054, "recall": 0.9528123248059956, "f1-score": 0.9547170796914826, "support": 3326, "avg_prec": 0.9927798576117304}, "weighted avg": {"precision": 0.9560223389599182, "recall": 0.9558027660853878, "f1-score": 0.955699467768298, "support": 3326}}