{"0.0": {"precision": 0.9664218258132214, "recall": 0.9715189873417721, "f1-score": 0.9689637033140452, "support": 1896, "avg_prec": 0.9850091281009095}, "1.0": {"precision": 0.9619718309859155, "recall": 0.9552447552447553, "f1-score": 0.9585964912280702, "support": 1430, "avg_prec": 0.9879189251269082}, "accuracy": 0.9645219482862297, "macro avg": {"precision": 0.9641968283995686, "recall": 0.9633818712932637, "f1-score": 0.9637800972710577, "support": 3326, "avg_prec": 0.9864640266139089}, "weighted avg": {"precision": 0.9645085688670256, "recall": 0.9645219482862297, "f1-score": 0.9645063631808689, "support": 3326}}