{"0.0": {"precision": 0.9533572526909277, "recall": 0.9810126582278481, "f1-score": 0.9669872628021836, "support": 1896, "avg_prec": 0.9935595780154871}, "1.0": {"precision": 0.9738181818181818, "recall": 0.9363636363636364, "f1-score": 0.9547237076648841, "support": 1430, "avg_prec": 0.9897076420152384}, "accuracy": 0.9618159951894167, "macro avg": {"precision": 0.9635877172545548, "recall": 0.9586881472957423, "f1-score": 0.9608554852335338, "support": 3326, "avg_prec": 0.9916336100153628}, "weighted avg": {"precision": 0.9621543448893563, "recall": 0.9618159951894167, "f1-score": 0.9617145977852448, "support": 3326}}