{"0.0": {"precision": 0.9465844889573704, "recall": 0.9720464135021097, "f1-score": 0.9591465001301067, "support": 1896, "avg_prec": 0.9924946525578802}, "1.0": {"precision": 0.9615663524292966, "recall": 0.9272727272727272, "f1-score": 0.9441082235671057, "support": 1430, "avg_prec": 0.9884359440085633}, "accuracy": 0.9527961515333734, "macro avg": {"precision": 0.9540754206933335, "recall": 0.9496595703874184, "f1-score": 0.9516273618486062, "support": 3326, "avg_prec": 0.9904652982832217}, "weighted avg": {"precision": 0.9530258794459014, "recall": 0.9527961515333734, "f1-score": 0.9526808550654369, "support": 3326}}