{"0.0": {"precision": 0.9602478058853898, "recall": 0.9810126582278481, "f1-score": 0.9705191755804853, "support": 1896, "avg_prec": 0.9907480585902838}, "1.0": {"precision": 0.9740820734341252, "recall": 0.9461538461538461, "f1-score": 0.959914863426747, "support": 1430, "avg_prec": 0.9919893153814674}, "accuracy": 0.966025255562237, "macro avg": {"precision": 0.9671649396597575, "recall": 0.9635832521908472, "f1-score": 0.9652170195036162, "support": 3326, "avg_prec": 0.9913686869858755}, "weighted avg": {"precision": 0.9661957922337638, "recall": 0.966025255562237, "f1-score": 0.9659598952498041, "support": 3326}}