{"0.0": {"precision": 0.964379256155055, "recall": 0.9709915611814346, "f1-score": 0.9676741130091984, "support": 1896, "avg_prec": 0.9811425243234511}, "1.0": {"precision": 0.9611856033874383, "recall": 0.9524475524475524, "f1-score": 0.9567966280295048, "support": 1430, "avg_prec": 0.9816518283774849}, "accuracy": 0.9630186410102225, "macro avg": {"precision": 0.9627824297712466, "recall": 0.9617195568144935, "f1-score": 0.9622353705193516, "support": 3326, "avg_prec": 0.981397176350468}, "weighted avg": {"precision": 0.9630061583024717, "recall": 0.9630186410102225, "f1-score": 0.9629973831472134, "support": 3326}}