{"0.0": {"precision": 0.9587203302373581, "recall": 0.979957805907173, "f1-score": 0.9692227438706312, "support": 1896, "avg_prec": 0.9870618816862375}, "1.0": {"precision": 0.9726224783861671, "recall": 0.9440559440559441, "f1-score": 0.9581263307310149, "support": 1430, "avg_prec": 0.9864436394629037}, "accuracy": 0.9645219482862297, "macro avg": {"precision": 0.9656714043117627, "recall": 0.9620068749815585, "f1-score": 0.9636745373008231, "support": 3326, "avg_prec": 0.9867527605745706}, "weighted avg": {"precision": 0.9646975015701292, "recall": 0.9645219482862297, "f1-score": 0.9644518867480661, "support": 3326}}