{"0.0": {"precision": 0.8930485833404237, "recall": 0.993280969054604, "f1-score": 0.9405017921146953, "support": 10567, "avg_prec": 0.892441444830224}, "1.0": {"precision": 0.13414634146341464, "recall": 0.008675078864353312, "f1-score": 0.0162962962962963, "support": 1268, "avg_prec": 0.10699966643611357}, "accuracy": 0.8877904520490072, "macro avg": {"precision": 0.5135974624019192, "recall": 0.5009780239594787, "f1-score": 0.4783990442054958, "support": 11835, "avg_prec": 0.4997205556331688}, "weighted avg": {"precision": 0.8117399189804705, "recall": 0.8877904520490072, "f1-score": 0.841482563665373, "support": 11835}}