{"0.0": {"precision": 0.8928786704555239, "recall": 0.9812624207438251, "f1-score": 0.9349864743011721, "support": 10567, "avg_prec": 0.8925821809389001}, "1.0": {"precision": 0.10810810810810811, "recall": 0.01892744479495268, "f1-score": 0.032214765100671144, "support": 1268, "avg_prec": 0.10756097617292457}, "accuracy": 0.8781580059146599, "macro avg": {"precision": 0.500493389281816, "recall": 0.5000949327693889, "f1-score": 0.4836006197009216, "support": 11835, "avg_prec": 0.5000715785559123}, "weighted avg": {"precision": 0.8087984783932913, "recall": 0.8781580059146599, "f1-score": 0.8382636583090948, "support": 11835}}