{"0.0": {"precision": 0.5672787979966611, "recall": 0.8960970464135021, "f1-score": 0.6947454508280515, "support": 1896, "avg_prec": 0.5682561629022158}, "1.0": {"precision": 0.40483383685800606, "recall": 0.0937062937062937, "f1-score": 0.1521862578080636, "support": 1430, "avg_prec": 0.42737295597420305}, "accuracy": 0.5511124473842454, "macro avg": {"precision": 0.4860563174273336, "recall": 0.4949016700598979, "f1-score": 0.42346585431805756, "support": 3326, "avg_prec": 0.4978145594382094}, "weighted avg": {"precision": 0.49743625607595254, "recall": 0.5511124473842454, "f1-score": 0.46147436062402786, "support": 3326}}