{"0.0": {"precision": 0.5660138976626659, "recall": 0.9451476793248945, "f1-score": 0.7080205452390359, "support": 1896, "avg_prec": 0.5684133884238141}, "1.0": {"precision": 0.35, "recall": 0.039160839160839164, "f1-score": 0.07044025157232706, "support": 1430, "avg_prec": 0.4189871818154981}, "accuracy": 0.555622369212267, "macro avg": {"precision": 0.4580069488313329, "recall": 0.4921542592428668, "f1-score": 0.38923039840568147, "support": 3326, "avg_prec": 0.4937002851196561}, "weighted avg": {"precision": 0.4731396121372262, "recall": 0.555622369212267, "f1-score": 0.43389552420975336, "support": 3326}}