{"0.0": {"precision": 0.5662878787878788, "recall": 0.9462025316455697, "f1-score": 0.7085308056872038, "support": 1896, "avg_prec": 0.5635832157890299}, "1.0": {"precision": 0.35443037974683544, "recall": 0.039160839160839164, "f1-score": 0.07052896725440806, "support": 1430, "avg_prec": 0.412447397904328}, "accuracy": 0.5562236921226699, "macro avg": {"precision": 0.4603591292673571, "recall": 0.4926816854032044, "f1-score": 0.38952988647080594, "support": 3326, "avg_prec": 0.48801530684667893}, "weighted avg": {"precision": 0.47520061972934247, "recall": 0.5562236921226699, "f1-score": 0.4342245432221112, "support": 3326}}