{"0.0": {"precision": 0.5639871382636656, "recall": 0.9251054852320675, "f1-score": 0.7007590890930884, "support": 1896, "avg_prec": 0.5649365477903482}, "1.0": {"precision": 0.3425925925925926, "recall": 0.05174825174825175, "f1-score": 0.08991494532199272, "support": 1430, "avg_prec": 0.42030587805693737}, "accuracy": 0.5496091401082381, "macro avg": {"precision": 0.4532898654281291, "recall": 0.4884268684901596, "f1-score": 0.39533701720754055, "support": 3326, "avg_prec": 0.4926212129236428}, "weighted avg": {"precision": 0.46879946529023375, "recall": 0.5496091401082381, "f1-score": 0.4381291655835674, "support": 3326}}