{"0.0": {"precision": 0.9743875278396437, "recall": 0.9936595060092741, "f1-score": 0.9839291571006887, "support": 10567, "avg_prec": 0.9990346754381916}, "1.0": {"precision": 0.9367327667610954, "recall": 0.7823343848580442, "f1-score": 0.8525999140524281, "support": 1268, "avg_prec": 0.9506002339356657}, "accuracy": 0.9710181664554288, "macro avg": {"precision": 0.9555601473003695, "recall": 0.8879969454336591, "f1-score": 0.9182645355765584, "support": 11835, "avg_prec": 0.9748174546869286}, "weighted avg": {"precision": 0.9703532027828123, "recall": 0.9710181664554288, "f1-score": 0.9698585630841957, "support": 11835}}