{"0.0": {"precision": 0.9953725564264803, "recall": 0.9974448755559762, "f1-score": 0.9964076384949896, "support": 10567, "avg_prec": 0.9995911908951013}, "1.0": {"precision": 0.978330658105939, "recall": 0.9613564668769716, "f1-score": 0.969769291964996, "support": 1268, "avg_prec": 0.9957636273454833}, "accuracy": 0.9935783692437685, "macro avg": {"precision": 0.9868516072662097, "recall": 0.9794006712164739, "f1-score": 0.9830884652299927, "support": 11835, "avg_prec": 0.9976774091202922}, "weighted avg": {"precision": 0.9935466901763368, "recall": 0.9935783692437685, "f1-score": 0.9935536103243068, "support": 11835}}