{"0.0": {"precision": 0.9793161278300568, "recall": 0.9947004826346172, "f1-score": 0.9869483568075117, "support": 10567, "avg_prec": 0.9994588336084543}, "1.0": {"precision": 0.9491833030852994, "recall": 0.8249211356466877, "f1-score": 0.8827004219409282, "support": 1268, "avg_prec": 0.9702624587001762}, "accuracy": 0.9765103506548374, "macro avg": {"precision": 0.9642497154576781, "recall": 0.9098108091406525, "f1-score": 0.93482438937422, "support": 11835, "avg_prec": 0.9848606461543152}, "weighted avg": {"precision": 0.9760877018244505, "recall": 0.9765103506548374, "f1-score": 0.9757792498019496, "support": 11835}}