{"0.0": {"precision": 0.9824315484534155, "recall": 0.9948897511119523, "f1-score": 0.9886214030468309, "support": 10567, "avg_prec": 0.99957135957681}, "1.0": {"precision": 0.9523809523809523, "recall": 0.8517350157728707, "f1-score": 0.8992506244796004, "support": 1268, "avg_prec": 0.9775377923990182}, "accuracy": 0.9795521757498944, "macro avg": {"precision": 0.9674062504171839, "recall": 0.9233123834424115, "f1-score": 0.9439360137632156, "support": 11835, "avg_prec": 0.9885545759879141}, "weighted avg": {"precision": 0.9792119324145575, "recall": 0.9795521757498944, "f1-score": 0.9790462321787914, "support": 11835}}