{"0.0": {"precision": 0.9876821814762576, "recall": 0.9940380429639444, "f1-score": 0.9908499198188849, "support": 10567, "avg_prec": 0.9992091937055838}, "1.0": {"precision": 0.9475, "recall": 0.8966876971608833, "f1-score": 0.9213938411669368, "support": 1268, "avg_prec": 0.973563308916078}, "accuracy": 0.9836079425433037, "macro avg": {"precision": 0.9675910907381289, "recall": 0.9453628700624138, "f1-score": 0.9561218804929108, "support": 11835, "avg_prec": 0.9863862513108309}, "weighted avg": {"precision": 0.9833770690037696, "recall": 0.9836079425433037, "f1-score": 0.9834084067026474, "support": 11835}}