{"0.0": {"precision": 0.990951079272316, "recall": 0.9948897511119523, "f1-score": 0.9929165092557612, "support": 10567, "avg_prec": 0.9993241043844165}, "1.0": {"precision": 0.9559543230016313, "recall": 0.9242902208201893, "f1-score": 0.9398556535685645, "support": 1268, "avg_prec": 0.979660373495435}, "accuracy": 0.9873257287705957, "macro avg": {"precision": 0.9734527011369736, "recall": 0.9595899859660708, "f1-score": 0.9663860814121629, "support": 11835, "avg_prec": 0.9894922389399258}, "weighted avg": {"precision": 0.987201532423881, "recall": 0.9873257287705957, "f1-score": 0.9872315776958656, "support": 11835}}