{"0.0": {"precision": 0.9787511649580615, "recall": 0.9938487744866092, "f1-score": 0.9862421937362069, "support": 10567, "avg_prec": 0.9991650157764225}, "1.0": {"precision": 0.9411764705882353, "recall": 0.8201892744479495, "f1-score": 0.876527602191319, "support": 1268, "avg_prec": 0.9570129965305123}, "accuracy": 0.9752429235318969, "macro avg": {"precision": 0.9599638177731484, "recall": 0.9070190244672793, "f1-score": 0.9313848979637629, "support": 11835, "avg_prec": 0.9780890061534674}, "weighted avg": {"precision": 0.9747254182355486, "recall": 0.9752429235318969, "f1-score": 0.9744873900117526, "support": 11835}}