{"0.0": {"precision": 0.9927379043666886, "recall": 0.9961199962146304, "f1-score": 0.9944260746339159, "support": 10567, "avg_prec": 0.9995321834666154}, "1.0": {"precision": 0.9667207792207793, "recall": 0.9392744479495269, "f1-score": 0.9528000000000001, "support": 1268, "avg_prec": 0.9922148549978422}, "accuracy": 0.9900295732995352, "macro avg": {"precision": 0.9797293417937339, "recall": 0.9676972220820786, "f1-score": 0.973613037316958, "support": 11835, "avg_prec": 0.9958735192322288}, "weighted avg": {"precision": 0.9899504337553653, "recall": 0.9900295732995352, "f1-score": 0.9899662636803201, "support": 11835}}