{"0.0": {"precision": 0.9936775553213909, "recall": 0.9947257383966245, "f1-score": 0.9942013705851344, "support": 1896, "avg_prec": 0.9993884977385346}, "1.0": {"precision": 0.9929971988795518, "recall": 0.9916083916083916, "f1-score": 0.9923023093072079, "support": 1430, "avg_prec": 0.9994940043767246}, "accuracy": 0.9933854479855683, "macro avg": {"precision": 0.9933373771004714, "recall": 0.9931670650025081, "f1-score": 0.9932518399461712, "support": 3326, "avg_prec": 0.9994412510576296}, "weighted avg": {"precision": 0.9933850388716525, "recall": 0.9933854479855683, "f1-score": 0.993384877011041, "support": 3326}}