{"0.0": {"precision": 0.977533960292581, "recall": 0.9868143459915611, "f1-score": 0.9821522309711285, "support": 1896, "avg_prec": 0.9984468480496809}, "1.0": {"precision": 0.9822946175637394, "recall": 0.9699300699300699, "f1-score": 0.976073187895848, "support": 1430, "avg_prec": 0.9973282189235428}, "accuracy": 0.9795550210463019, "macro avg": {"precision": 0.9799142889281602, "recall": 0.9783722079608155, "f1-score": 0.9791127094334882, "support": 3326, "avg_prec": 0.9978875334866119}, "weighted avg": {"precision": 0.9795807852768734, "recall": 0.9795550210463019, "f1-score": 0.9795385714408665, "support": 3326}}