{"0.0": {"precision": 0.968798751950078, "recall": 0.9825949367088608, "f1-score": 0.9756480754124117, "support": 1896, "avg_prec": 0.9971221775986275}, "1.0": {"precision": 0.9764789736279401, "recall": 0.958041958041958, "f1-score": 0.9671726085421815, "support": 1430, "avg_prec": 0.9950635809487313}, "accuracy": 0.9720384846662657, "macro avg": {"precision": 0.972638862789009, "recall": 0.9703184473754094, "f1-score": 0.9714103419772966, "support": 3326, "avg_prec": 0.9960928792736794}, "weighted avg": {"precision": 0.972100831625166, "recall": 0.9720384846662657, "f1-score": 0.9720040833425292, "support": 3326}}