{"0.0": {"precision": 0.9832197168327216, "recall": 0.9889240506329114, "f1-score": 0.9860636339731791, "support": 1896, "avg_prec": 0.9984222110127242}, "1.0": {"precision": 0.985200845665962, "recall": 0.9776223776223776, "f1-score": 0.9813969813969814, "support": 1430, "avg_prec": 0.9978111016453457}, "accuracy": 0.9840649428743236, "macro avg": {"precision": 0.9842102812493418, "recall": 0.9832732141276446, "f1-score": 0.9837303076850803, "support": 3326, "avg_prec": 0.9981166563290349}, "weighted avg": {"precision": 0.9840714950141809, "recall": 0.9840649428743236, "f1-score": 0.9840572259202738, "support": 3326}}