{"0.0": {"precision": 0.9729307652264445, "recall": 0.9857594936708861, "f1-score": 0.9793031176316479, "support": 1896, "avg_prec": 0.9986269653159817}, "1.0": {"precision": 0.9807829181494662, "recall": 0.9636363636363636, "f1-score": 0.9721340388007055, "support": 1430, "avg_prec": 0.9976038102234615}, "accuracy": 0.976247745039086, "macro avg": {"precision": 0.9768568416879553, "recall": 0.9746979286536248, "f1-score": 0.9757185782161767, "support": 3326, "avg_prec": 0.9981153877697215}, "weighted avg": {"precision": 0.9763067660321934, "recall": 0.976247745039086, "f1-score": 0.976220801718164, "support": 3326}}