{"0.0": {"precision": 0.9601242879337131, "recall": 0.9778481012658228, "f1-score": 0.9689051476352234, "support": 1896, "avg_prec": 0.9959954328734608}, "1.0": {"precision": 0.9698924731182795, "recall": 0.9461538461538461, "f1-score": 0.9578761061946902, "support": 1430, "avg_prec": 0.9931619533582116}, "accuracy": 0.9642212868310283, "macro avg": {"precision": 0.9650083805259964, "recall": 0.9620009737098345, "f1-score": 0.9633906269149568, "support": 3326, "avg_prec": 0.9945786931158362}, "weighted avg": {"precision": 0.9643240789180577, "recall": 0.9642212868310283, "f1-score": 0.964163256697171, "support": 3326}}