{"0.0": {"precision": 0.9874147876245412, "recall": 0.9931434599156118, "f1-score": 0.9902708388114646, "support": 1896, "avg_prec": 0.9997250242869472}, "1.0": {"precision": 0.9908386187455955, "recall": 0.9832167832167832, "f1-score": 0.9870129870129869, "support": 1430, "avg_prec": 0.9995145611080386}, "accuracy": 0.9888755261575466, "macro avg": {"precision": 0.9891267031850683, "recall": 0.9881801215661975, "f1-score": 0.9886419129122257, "support": 3326, "avg_prec": 0.9996197926974929}, "weighted avg": {"precision": 0.988886849712066, "recall": 0.9888755261575466, "f1-score": 0.9888701388500025, "support": 3326}}