{"0.0": {"precision": 0.8961515487669597, "recall": 0.9938487744866092, "f1-score": 0.9424750964731221, "support": 10567, "avg_prec": 0.9108908031235148}, "1.0": {"precision": 0.4396551724137931, "recall": 0.04022082018927445, "f1-score": 0.07369942196531792, "support": 1268, "avg_prec": 0.17736645259326728}, "accuracy": 0.8916772285593578, "macro avg": {"precision": 0.6679033605903764, "recall": 0.5170347973379419, "f1-score": 0.50808725921922, "support": 11835, "avg_prec": 0.544128627858391}, "weighted avg": {"precision": 0.8472426002907607, "recall": 0.8916772285593578, "f1-score": 0.8493946101802706, "support": 11835}}