{"0.0": {"precision": 0.8940330088870081, "recall": 0.9996214630453298, "f1-score": 0.9438834777946565, "support": 10567, "avg_prec": 0.9173773112070183}, "1.0": {"precision": 0.8, "recall": 0.012618296529968454, "f1-score": 0.024844720496894408, "support": 1268, "avg_prec": 0.18519429937503357}, "accuracy": 0.8938741022391212, "macro avg": {"precision": 0.8470165044435041, "recall": 0.5061198797876492, "f1-score": 0.4843640991457755, "support": 11835, "avg_prec": 0.5512858052910259}, "weighted avg": {"precision": 0.8839583274109856, "recall": 0.8938741022391212, "f1-score": 0.8454178128809631, "support": 11835}}