{"0.0": {"precision": 0.8995541568318909, "recall": 0.9737863158890887, "f1-score": 0.935199491047896, "support": 10567, "avg_prec": 0.9077263764877311}, "1.0": {"precision": 0.3005050505050505, "recall": 0.09384858044164038, "f1-score": 0.14302884615384615, "support": 1268, "avg_prec": 0.15784704966655053}, "accuracy": 0.8795099281791297, "macro avg": {"precision": 0.6000296036684707, "recall": 0.5338174481653646, "f1-score": 0.5391141686008711, "support": 11835, "avg_prec": 0.5327867130771409}, "weighted avg": {"precision": 0.8353721317518374, "recall": 0.8795099281791297, "f1-score": 0.8503264553296319, "support": 11835}}