{"0.0": {"precision": 0.8936638186278657, "recall": 0.9997160972839974, "f1-score": 0.9437198499195997, "support": 10567, "avg_prec": 0.9225025892115651}, "1.0": {"precision": 0.7857142857142857, "recall": 0.008675078864353312, "f1-score": 0.0171606864274571, "support": 1268, "avg_prec": 0.2158921814546036}, "accuracy": 0.8935361216730038, "macro avg": {"precision": 0.8396890521710757, "recall": 0.5041955880741753, "f1-score": 0.48044026817352836, "support": 11835, "avg_prec": 0.5691973853330844}, "weighted avg": {"precision": 0.8820981230018058, "recall": 0.8935361216730038, "f1-score": 0.8444484498935722, "support": 11835}}