{"0.0": {"precision": 0.6538142620232172, "recall": 0.8317510548523207, "f1-score": 0.7321262766945218, "support": 1896, "avg_prec": 0.6638293698006144}, "1.0": {"precision": 0.650984682713348, "recall": 0.4160839160839161, "f1-score": 0.5076791808873721, "support": 1430, "avg_prec": 0.5993698677466159}, "accuracy": 0.6530366806975346, "macro avg": {"precision": 0.6523994723682827, "recall": 0.6239174854681184, "f1-score": 0.6199027287909469, "support": 3326, "avg_prec": 0.6315996187736151}, "weighted avg": {"precision": 0.6525976960541514, "recall": 0.6530366806975346, "f1-score": 0.6356261723637268, "support": 3326}}