{"0.0": {"precision": 0.6782915360501567, "recall": 0.9129746835443038, "f1-score": 0.7783273381294964, "support": 1896, "avg_prec": 0.7410208850872989}, "1.0": {"precision": 0.7868217054263565, "recall": 0.4258741258741259, "f1-score": 0.5526315789473685, "support": 1430, "avg_prec": 0.7276794290283879}, "accuracy": 0.703547805171377, "macro avg": {"precision": 0.7325566207382566, "recall": 0.6694244047092148, "f1-score": 0.6654794585384325, "support": 3326, "avg_prec": 0.7343501570578435}, "weighted avg": {"precision": 0.7249536353309642, "recall": 0.703547805171377, "f1-score": 0.6812903761239513, "support": 3326}}