{"0.0": {"precision": 0.6605035405192762, "recall": 0.885548523206751, "f1-score": 0.7566471383506085, "support": 1896, "avg_prec": 0.7040560687344875}, "1.0": {"precision": 0.7232142857142857, "recall": 0.3965034965034965, "f1-score": 0.5121951219512195, "support": 1430, "avg_prec": 0.6837741476810555}, "accuracy": 0.6752856283824413, "macro avg": {"precision": 0.6918589131167809, "recall": 0.6410260098551237, "f1-score": 0.634421130150914, "support": 3326, "avg_prec": 0.6939151082077715}, "weighted avg": {"precision": 0.6874657671064268, "recall": 0.6752856283824413, "f1-score": 0.6515460008126872, "support": 3326}}