{"0.0": {"precision": 0.6732329084588644, "recall": 0.9193037974683544, "f1-score": 0.777257525083612, "support": 1896, "avg_prec": 0.7163149300684569}, "1.0": {"precision": 0.7924016282225237, "recall": 0.4083916083916084, "f1-score": 0.5389940009229348, "support": 1430, "avg_prec": 0.6930542463343454}, "accuracy": 0.6996392062537583, "macro avg": {"precision": 0.732817268340694, "recall": 0.6638477029299814, "f1-score": 0.6581257630032734, "support": 3326, "avg_prec": 0.7046845882014012}, "weighted avg": {"precision": 0.7244690086579122, "recall": 0.6996392062537583, "f1-score": 0.6748171042929421, "support": 3326}}