{"0.0": {"precision": 0.8923368675114214, "recall": 0.9796536386864768, "f1-score": 0.9339588596174667, "support": 10567, "avg_prec": 0.8926477315139298}, "1.0": {"precision": 0.0811965811965812, "recall": 0.01498422712933754, "f1-score": 0.02529960053262317, "support": 1268, "avg_prec": 0.10675923915511075}, "accuracy": 0.8762991128010139, "macro avg": {"precision": 0.4867667243540013, "recall": 0.4973189329079072, "f1-score": 0.47962923007504493, "support": 11835, "avg_prec": 0.4997034853345203}, "weighted avg": {"precision": 0.8054314274567347, "recall": 0.8762991128010139, "f1-score": 0.8366052524759727, "support": 11835}}