{"0.0": {"precision": 0.8930454004421017, "recall": 0.9940380429639444, "f1-score": 0.9408392673205249, "support": 10567, "avg_prec": 0.8924083512263553}, "1.0": {"precision": 0.136986301369863, "recall": 0.007886435331230283, "f1-score": 0.014914243102162564, "support": 1268, "avg_prec": 0.1078350628840534}, "accuracy": 0.8883819180397127, "macro avg": {"precision": 0.5150158509059823, "recall": 0.5009622391475873, "f1-score": 0.47787675521134376, "support": 11835, "avg_prec": 0.5001217070552043}, "weighted avg": {"precision": 0.8120413499458112, "recall": 0.8883819180397127, "f1-score": 0.8416358088744849, "support": 11835}}