{"0.0": {"precision": 0.5732524736674114, "recall": 0.9472573839662447, "f1-score": 0.7142573076158282, "support": 1896, "avg_prec": 0.5704404617915306}, "1.0": {"precision": 0.48186528497409326, "recall": 0.06503496503496503, "f1-score": 0.11460258780036969, "support": 1430, "avg_prec": 0.4414400833649094}, "accuracy": 0.5679494888755262, "macro avg": {"precision": 0.5275588793207523, "recall": 0.5061461745006048, "f1-score": 0.41442994770809893, "support": 3326, "avg_prec": 0.50594027257822}, "weighted avg": {"precision": 0.5339609283182096, "recall": 0.5679494888755262, "f1-score": 0.4564382308461031, "support": 3326}}