{"0.0": {"precision": 0.573139974779319, "recall": 0.9588607594936709, "f1-score": 0.7174427782162589, "support": 1896, "avg_prec": 0.5694683440458274}, "1.0": {"precision": 0.4935064935064935, "recall": 0.05314685314685315, "f1-score": 0.09595959595959597, "support": 1430, "avg_prec": 0.4377251749137948}, "accuracy": 0.5694527961515333, "macro avg": {"precision": 0.5333232341429063, "recall": 0.506003806320262, "f1-score": 0.40670118708792746, "support": 3326, "avg_prec": 0.5035967594798111}, "weighted avg": {"precision": 0.5389018875213092, "recall": 0.5694527961515333, "f1-score": 0.4502386439327267, "support": 3326}}