{"0.0": {"precision": 0.5724614900974536, "recall": 0.9604430379746836, "f1-score": 0.7173527673823125, "support": 1896, "avg_prec": 0.5686085971580317}, "1.0": {"precision": 0.4827586206896552, "recall": 0.04895104895104895, "f1-score": 0.08888888888888889, "support": 1430, "avg_prec": 0.43735365706047463}, "accuracy": 0.568550811785929, "macro avg": {"precision": 0.5276100553935544, "recall": 0.5046970434628663, "f1-score": 0.4031208281356007, "support": 3326, "avg_prec": 0.5029811271092531}, "weighted avg": {"precision": 0.5338941108872457, "recall": 0.568550811785929, "f1-score": 0.4471473115057052, "support": 3326}}