{"0.0": {"precision": 0.5714756258234519, "recall": 0.915084388185654, "f1-score": 0.7035685320356854, "support": 1896, "avg_prec": 0.5665269767496444}, "1.0": {"precision": 0.44482758620689655, "recall": 0.09020979020979021, "f1-score": 0.15, "support": 1430, "avg_prec": 0.43745353331192094}, "accuracy": 0.5604329524954901, "macro avg": {"precision": 0.5081516060151743, "recall": 0.502647089197722, "f1-score": 0.4267842660178427, "support": 3326, "avg_prec": 0.5019902550307827}, "weighted avg": {"precision": 0.5170238228614332, "recall": 0.5604329524954901, "f1-score": 0.46556402187001183, "support": 3326}}