{"0.0": {"precision": 0.5701754385964912, "recall": 0.994198312236287, "f1-score": 0.724721261053441, "support": 1896, "avg_prec": 0.6386590783309245}, "1.0": {"precision": 0.45, "recall": 0.006293706293706294, "f1-score": 0.012413793103448277, "support": 1430, "avg_prec": 0.5073691359406038}, "accuracy": 0.5694527961515333, "macro avg": {"precision": 0.5100877192982456, "recall": 0.5002460092649966, "f1-score": 0.36856752707844465, "support": 3326, "avg_prec": 0.5730141071357642}, "weighted avg": {"precision": 0.5185065037820046, "recall": 0.5694527961515333, "f1-score": 0.41846759924691973, "support": 3326}}