{"0.0": {"precision": 0.8994948615223829, "recall": 0.9773824169584556, "f1-score": 0.9368225316340878, "support": 10567, "avg_prec": 0.908341453714899}, "1.0": {"precision": 0.32294617563739375, "recall": 0.08990536277602523, "f1-score": 0.1406539173349784, "support": 1268, "avg_prec": 0.16998415468712955}, "accuracy": 0.8822982678495986, "macro avg": {"precision": 0.6112205185798883, "recall": 0.5336438898672404, "f1-score": 0.5387382244845331, "support": 11835, "avg_prec": 0.5391628042010143}, "weighted avg": {"precision": 0.8377235278762344, "recall": 0.8822982678495986, "f1-score": 0.8515211541156028, "support": 11835}}