{"0.0": {"precision": 0.893806058554747, "recall": 0.9996214630453298, "f1-score": 0.9437569801206165, "support": 10567, "avg_prec": 0.9195718824504787}, "1.0": {"precision": 0.7647058823529411, "recall": 0.01025236593059937, "f1-score": 0.020233463035019453, "support": 1268, "avg_prec": 0.1868130470700716}, "accuracy": 0.8936206168145332, "macro avg": {"precision": 0.829255970453844, "recall": 0.5049369144879646, "f1-score": 0.481995221577818, "support": 11835, "avg_prec": 0.5531924647602752}, "weighted avg": {"precision": 0.8799742864023272, "recall": 0.8936206168145332, "f1-score": 0.8448108187632412, "support": 11835}}