{"0.0": {"precision": 0.893521650879567, "recall": 0.9998107315226649, "f1-score": 0.9436827296681704, "support": 10567, "avg_prec": 0.9225044378555519}, "1.0": {"precision": 0.8181818181818182, "recall": 0.007097791798107256, "f1-score": 0.014073494917904612, "support": 1268, "avg_prec": 0.19724383178746374}, "accuracy": 0.8934516265314745, "macro avg": {"precision": 0.8558517345306926, "recall": 0.5034542616603861, "f1-score": 0.4788781122930375, "support": 11835, "avg_prec": 0.5598741348215078}, "weighted avg": {"precision": 0.8854497532994449, "recall": 0.8934516265314745, "f1-score": 0.8440845454972082, "support": 11835}}