{"0.0": {"precision": 0.8960054509837322, "recall": 0.9955521907826251, "f1-score": 0.9431594046978662, "support": 10567, "avg_prec": 0.91003263119976}, "1.0": {"precision": 0.5, "recall": 0.03706624605678233, "f1-score": 0.06901615271659324, "support": 1268, "avg_prec": 0.159168432195712}, "accuracy": 0.8928601605407689, "macro avg": {"precision": 0.6980027254918661, "recall": 0.5163092184197038, "f1-score": 0.5060877787072298, "support": 11835, "avg_prec": 0.534600531697736}, "weighted avg": {"precision": 0.8535774905403547, "recall": 0.8928601605407689, "f1-score": 0.8495038370162225, "support": 11835}}