{"0.0": {"precision": 0.6412337662337663, "recall": 0.8333333333333334, "f1-score": 0.7247706422018348, "support": 1896, "avg_prec": 0.6520232194134641}, "1.0": {"precision": 0.6334106728538283, "recall": 0.38181818181818183, "f1-score": 0.47643979057591634, "support": 1430, "avg_prec": 0.5852570050255002}, "accuracy": 0.6392062537582682, "macro avg": {"precision": 0.6373222195437973, "recall": 0.6075757575757577, "f1-score": 0.6006052163888755, "support": 3326, "avg_prec": 0.6186401122194821}, "weighted avg": {"precision": 0.6378702594588681, "recall": 0.6392062537582682, "f1-score": 0.6180018154354296, "support": 3326}}