{"0.0": {"precision": 0.6654006836308394, "recall": 0.9240506329113924, "f1-score": 0.7736807242216825, "support": 1896, "avg_prec": 0.7424289227589351}, "1.0": {"precision": 0.7922077922077922, "recall": 0.3839160839160839, "f1-score": 0.5171926519076778, "support": 1430, "avg_prec": 0.7101963085917913}, "accuracy": 0.6918220084185207, "macro avg": {"precision": 0.7288042379193158, "recall": 0.6539833584137382, "f1-score": 0.6454366880646802, "support": 3326, "avg_prec": 0.7263126156753632}, "weighted avg": {"precision": 0.7199208776371661, "recall": 0.6918220084185207, "f1-score": 0.663404734020532, "support": 3326}}