{"0.0": {"precision": 0.6523939275982873, "recall": 0.8839662447257384, "f1-score": 0.7507278835386338, "support": 1896, "avg_prec": 0.6972039269983741}, "1.0": {"precision": 0.7093791281373845, "recall": 0.37552447552447554, "f1-score": 0.49108367626886146, "support": 1430, "avg_prec": 0.6684453328872643}, "accuracy": 0.6653638003607938, "macro avg": {"precision": 0.6808865278678359, "recall": 0.629745360125107, "f1-score": 0.6209057799037476, "support": 3326, "avg_prec": 0.6828246299428191}, "weighted avg": {"precision": 0.6768944798445016, "recall": 0.6653638003607938, "f1-score": 0.6390949261135663, "support": 3326}}