{"0.0": {"precision": 0.666022419791264, "recall": 0.9087552742616034, "f1-score": 0.7686816863707339, "support": 1896, "avg_prec": 0.7437896715394544}, "1.0": {"precision": 0.7658998646820027, "recall": 0.3958041958041958, "f1-score": 0.5218994928538496, "support": 1430, "avg_prec": 0.7150924506915992}, "accuracy": 0.6882140709561034, "macro avg": {"precision": 0.7159611422366333, "recall": 0.6522797350328996, "f1-score": 0.6452905896122918, "support": 3326, "avg_prec": 0.7294410611155269}, "weighted avg": {"precision": 0.7089643158206554, "recall": 0.6882140709561034, "f1-score": 0.6625786987792893, "support": 3326}}