{"0.0": {"precision": 0.5700541190619363, "recall": 1.0, "f1-score": 0.7261585599387208, "support": 1896, "avg_prec": 0.6346050781196895}, "1.0": {"precision": 0.0, "recall": 0.0, "f1-score": 0.0, "support": 1430, "avg_prec": 0.4746252869350967}, "accuracy": 0.5700541190619363, "macro avg": {"precision": 0.28502705953096813, "recall": 0.5, "f1-score": 0.3630792799693604, "support": 3326, "avg_prec": 0.5546151825273931}, "weighted avg": {"precision": 0.32496169865948016, "recall": 0.5700541190619363, "f1-score": 0.4139496781851517, "support": 3326}}