{"0.0": {"precision": 0.9957482993197279, "recall": 0.9973502413173087, "f1-score": 0.9965486265424802, "support": 10567, "avg_prec": 0.999880469312213}, "1.0": {"precision": 0.9776179056754596, "recall": 0.9645110410094637, "f1-score": 0.9710202461294165, "support": 1268, "avg_prec": 0.997739074948557}, "accuracy": 0.9938318546683566, "macro avg": {"precision": 0.9866831024975937, "recall": 0.9809306411633862, "f1-score": 0.9837844363359484, "support": 11835, "avg_prec": 0.998809772130385}, "weighted avg": {"precision": 0.9938058118553483, "recall": 0.9938318546683566, "f1-score": 0.9938135199633703, "support": 11835}}