{"0.0": {"precision": 0.9912280701754386, "recall": 0.994511214157282, "f1-score": 0.9928669280551751, "support": 10567, "avg_prec": 0.9996083145636379}, "1.0": {"precision": 0.9529602595296026, "recall": 0.9266561514195584, "f1-score": 0.9396241503398641, "support": 1268, "avg_prec": 0.9812740000793312}, "accuracy": 0.9872412336290664, "macro avg": {"precision": 0.9720941648525205, "recall": 0.9605836827884202, "f1-score": 0.9662455391975195, "support": 11835, "avg_prec": 0.9904411573214845}, "weighted avg": {"precision": 0.9871280630863875, "recall": 0.9872412336290664, "f1-score": 0.9871625053983931, "support": 11835}}