{"0.0": {"precision": 0.9875928188739543, "recall": 0.994321945679947, "f1-score": 0.9909459586909366, "support": 10567, "avg_prec": 0.9994879458607482}, "1.0": {"precision": 0.9498327759197325, "recall": 0.8958990536277602, "f1-score": 0.9220779220779222, "support": 1268, "avg_prec": 0.9747638389190851}, "accuracy": 0.9837769328263625, "macro avg": {"precision": 0.9687127973968435, "recall": 0.9451104996538536, "f1-score": 0.9565119403844293, "support": 11835, "avg_prec": 0.9871258923899167}, "weighted avg": {"precision": 0.9835472139338652, "recall": 0.9837769328263625, "f1-score": 0.9835674483043458, "support": 11835}}