{"0.0": {"precision": 0.9731058147083372, "recall": 0.9929970663386013, "f1-score": 0.9829508196721312, "support": 10567, "avg_prec": 0.9992114281077049}, "1.0": {"precision": 0.9296577946768061, "recall": 0.7712933753943217, "f1-score": 0.8431034482758621, "support": 1268, "avg_prec": 0.95325288161365}, "accuracy": 0.9692437684833122, "macro avg": {"precision": 0.9513818046925717, "recall": 0.8821452208664615, "f1-score": 0.9130271339739966, "support": 11835, "avg_prec": 0.9762321548606774}, "weighted avg": {"precision": 0.9684508008173376, "recall": 0.9692437684833122, "f1-score": 0.9679675947519394, "support": 11835}}