{"0.0": {"precision": 0.9925570001884304, "recall": 0.9969717043626384, "f1-score": 0.9947594542278457, "support": 10567, "avg_prec": 0.9998243015033649}, "1.0": {"precision": 0.9737919737919738, "recall": 0.9376971608832808, "f1-score": 0.9554037766171154, "support": 1268, "avg_prec": 0.9940844931690541}, "accuracy": 0.9906210392902408, "macro avg": {"precision": 0.9831744869902022, "recall": 0.9673344326229596, "f1-score": 0.9750816154224806, "support": 11835, "avg_prec": 0.9969543973362095}, "weighted avg": {"precision": 0.990546518272866, "recall": 0.9906210392902408, "f1-score": 0.990542893246823, "support": 11835}}