{"0.0": {"precision": 0.9825086521373118, "recall": 0.9940380429639444, "f1-score": 0.9882397215166056, "support": 10567, "avg_prec": 0.999684609100556}, "1.0": {"precision": 0.9449300699300699, "recall": 0.8525236593059937, "f1-score": 0.8963515754560532, "support": 1268, "avg_prec": 0.9782653463594093}, "accuracy": 0.9788762146176595, "macro avg": {"precision": 0.9637193610336908, "recall": 0.923280851134969, "f1-score": 0.9422956484863294, "support": 11835, "avg_prec": 0.9889749777299827}, "weighted avg": {"precision": 0.9784824888725224, "recall": 0.9788762146176595, "f1-score": 0.9783948402994715, "support": 11835}}