{"0.0": {"precision": 0.9787491844533507, "recall": 0.9937541402479417, "f1-score": 0.9861945905334334, "support": 10567, "avg_prec": 0.999598956747159}, "1.0": {"precision": 0.9403254972875226, "recall": 0.8201892744479495, "f1-score": 0.8761583824768324, "support": 1268, "avg_prec": 0.9718353699475996}, "accuracy": 0.9751584283903676, "macro avg": {"precision": 0.9595373408704366, "recall": 0.9069717073479456, "f1-score": 0.9311764865051328, "support": 11835, "avg_prec": 0.9857171633473794}, "weighted avg": {"precision": 0.9746324767789721, "recall": 0.9751584283903676, "f1-score": 0.9744053288675467, "support": 11835}}