{"0.0": {"precision": 0.995778364116095, "recall": 0.995253164556962, "f1-score": 0.9955156950672646, "support": 1896, "avg_prec": 0.9999549611353826}, "1.0": {"precision": 0.9937106918238994, "recall": 0.9944055944055944, "f1-score": 0.9940580216707445, "support": 1430, "avg_prec": 0.999920343831543}, "accuracy": 0.9948887552615755, "macro avg": {"precision": 0.9947445279699971, "recall": 0.9948293794812781, "f1-score": 0.9947868583690045, "support": 3326, "avg_prec": 0.9999376524834629}, "weighted avg": {"precision": 0.9948893769309358, "recall": 0.9948887552615755, "f1-score": 0.9948889743946778, "support": 3326}}