{"0.0": {"precision": 0.975418410041841, "recall": 0.9836497890295358, "f1-score": 0.979516806722689, "support": 1896, "avg_prec": 0.9985451512803105}, "1.0": {"precision": 0.978076379066478, "recall": 0.9671328671328672, "f1-score": 0.9725738396624473, "support": 1430, "avg_prec": 0.9974323640639832}, "accuracy": 0.9765484064942874, "macro avg": {"precision": 0.9767473945541596, "recall": 0.9753913280812014, "f1-score": 0.9760453231925681, "support": 3326, "avg_prec": 0.9979887576721469}, "weighted avg": {"precision": 0.9765611928756448, "recall": 0.9765484064942874, "f1-score": 0.9765317066336494, "support": 3326}}