{"0.0": {"precision": 0.9894736842105263, "recall": 0.9915611814345991, "f1-score": 0.9905163329820863, "support": 1896, "avg_prec": 0.9997419391537656}, "1.0": {"precision": 0.9887798036465638, "recall": 0.986013986013986, "f1-score": 0.9873949579831933, "support": 1430, "avg_prec": 0.9995464314121508}, "accuracy": 0.9891761876127481, "macro avg": {"precision": 0.989126743928545, "recall": 0.9887875837242925, "f1-score": 0.9889556454826398, "support": 3326, "avg_prec": 0.9996441852829583}, "weighted avg": {"precision": 0.9891753531201876, "recall": 0.9891761876127481, "f1-score": 0.9891743106584492, "support": 3326}}