{"0.0": {"precision": 0.9790466212676794, "recall": 0.9857594936708861, "f1-score": 0.9823915900131406, "support": 1896, "avg_prec": 0.9985206944836431}, "1.0": {"precision": 0.9809456598447425, "recall": 0.972027972027972, "f1-score": 0.9764664559185107, "support": 1430, "avg_prec": 0.9974704925860539}, "accuracy": 0.9798556825015033, "macro avg": {"precision": 0.979996140556211, "recall": 0.978893732849429, "f1-score": 0.9794290229658256, "support": 3326, "avg_prec": 0.9979955935348486}, "weighted avg": {"precision": 0.9798631050816301, "recall": 0.9798556825015033, "f1-score": 0.9798441030151487, "support": 3326}}