{"0.0": {"precision": 0.9585062240663901, "recall": 0.9746835443037974, "f1-score": 0.9665271966527197, "support": 1896, "avg_prec": 0.9958574542052115}, "1.0": {"precision": 0.9656652360515021, "recall": 0.9440559440559441, "f1-score": 0.9547383309759548, "support": 1430, "avg_prec": 0.9929925224389606}, "accuracy": 0.9615153337342153, "macro avg": {"precision": 0.962085730058946, "recall": 0.9593697441798708, "f1-score": 0.9606327638143373, "support": 3326, "avg_prec": 0.9944249883220861}, "weighted avg": {"precision": 0.9615842117809752, "recall": 0.9615153337342153, "f1-score": 0.9614586224140625, "support": 3326}}