{"0.0": {"precision": 0.9667705088265836, "recall": 0.9820675105485233, "f1-score": 0.9743589743589745, "support": 1896, "avg_prec": 0.9977489213550352}, "1.0": {"precision": 0.9757142857142858, "recall": 0.9552447552447553, "f1-score": 0.9653710247349824, "support": 1430, "avg_prec": 0.9960870458183453}, "accuracy": 0.9705351773902585, "macro avg": {"precision": 0.9712423972704347, "recall": 0.9686561328966392, "f1-score": 0.9698649995469784, "support": 3326, "avg_prec": 0.9969179835866903}, "weighted avg": {"precision": 0.9706158488594802, "recall": 0.9705351773902585, "f1-score": 0.9704946424400602, "support": 3326}}