{"0.0": {"precision": 0.9651586063442538, "recall": 0.9789029535864979, "f1-score": 0.9719821942916995, "support": 1896, "avg_prec": 0.9968322808046187}, "1.0": {"precision": 0.9714896650035638, "recall": 0.9531468531468531, "f1-score": 0.9622308506883163, "support": 1430, "avg_prec": 0.9946087911693589}, "accuracy": 0.9678292242934455, "macro avg": {"precision": 0.9683241356739087, "recall": 0.9660249033666755, "f1-score": 0.967106522490008, "support": 3326, "avg_prec": 0.9957205359869887}, "weighted avg": {"precision": 0.9678806189368013, "recall": 0.9678292242934455, "f1-score": 0.967789644275813, "support": 3326}}