{"0.0": {"precision": 0.9842849659507595, "recall": 0.9910337552742616, "f1-score": 0.9876478318002628, "support": 1896, "avg_prec": 0.9991132809773366}, "1.0": {"precision": 0.9880028228652082, "recall": 0.9790209790209791, "f1-score": 0.9834913944502985, "support": 1430, "avg_prec": 0.9984546989531989}, "accuracy": 0.9858689116055321, "macro avg": {"precision": 0.9861438944079839, "recall": 0.9850273671476204, "f1-score": 0.9855696131252807, "support": 3326, "avg_prec": 0.9987839899652677}, "weighted avg": {"precision": 0.9858834432170439, "recall": 0.9858689116055321, "f1-score": 0.9858607886822685, "support": 3326}}