{"0.0": {"precision": 0.8968739381583418, "recall": 0.999148291851992, "f1-score": 0.9452526970768611, "support": 10567, "avg_prec": 0.8995359583830204}, "1.0": {"precision": 0.8571428571428571, "recall": 0.04258675078864353, "f1-score": 0.0811419984973704, "support": 1268, "avg_prec": 0.1606675218296612}, "accuracy": 0.8966624419095902, "macro avg": {"precision": 0.8770083976505995, "recall": 0.5208675213203178, "f1-score": 0.5131973477871158, "support": 11835, "avg_prec": 0.5301017401063408}, "weighted avg": {"precision": 0.8926171565168011, "recall": 0.8966624419095902, "f1-score": 0.8526720155560504, "support": 11835}}