{"0.0": {"precision": 0.8965283082930142, "recall": 0.9995268288066622, "f1-score": 0.9452299982101307, "support": 10567, "avg_prec": 0.9013995229117424}, "1.0": {"precision": 0.9074074074074074, "recall": 0.038643533123028394, "f1-score": 0.07413010590015129, "support": 1268, "avg_prec": 0.1744181715897836}, "accuracy": 0.8965779467680608, "macro avg": {"precision": 0.9019678578502108, "recall": 0.5190851809648453, "f1-score": 0.509680052055141, "support": 11835, "avg_prec": 0.537908847250763}, "weighted avg": {"precision": 0.8976938932255913, "recall": 0.8965779467680608, "f1-score": 0.8519004955950861, "support": 11835}}