{"0.0": {"precision": 0.8964873578822331, "recall": 0.9999053657613325, "f1-score": 0.9453764595356329, "support": 10567, "avg_prec": 0.9098683115850296}, "1.0": {"precision": 0.9795918367346939, "recall": 0.03785488958990536, "f1-score": 0.07289293849658315, "support": 1268, "avg_prec": 0.20531186288807507}, "accuracy": 0.8968314321926489, "macro avg": {"precision": 0.9380395973084634, "recall": 0.518880127675619, "f1-score": 0.509134699016108, "support": 11835, "avg_prec": 0.5575900872365523}, "weighted avg": {"precision": 0.9053911584048289, "recall": 0.8968314321926489, "f1-score": 0.8518987151606844, "support": 11835}}