{"0.0": {"precision": 0.6658415841584159, "recall": 0.9931434599156118, "f1-score": 0.7972057578323456, "support": 1896, "avg_prec": 0.7559539902538366}, "1.0": {"precision": 0.9738955823293173, "recall": 0.33916083916083917, "f1-score": 0.5031120331950207, "support": 1430, "avg_prec": 0.7572323862139114}, "accuracy": 0.7119663259170175, "macro avg": {"precision": 0.8198685832438666, "recall": 0.6661521495382254, "f1-score": 0.6501588955136832, "support": 3326, "avg_prec": 0.756593188233874}, "weighted avg": {"precision": 0.7982881317784968, "recall": 0.7119663259170175, "f1-score": 0.6707613723147946, "support": 3326}}