{"0.0": {"precision": 0.6598157335223246, "recall": 0.9820675105485233, "f1-score": 0.7893175074183976, "support": 1896, "avg_prec": 0.6928225845226219}, "1.0": {"precision": 0.9325396825396826, "recall": 0.32867132867132864, "f1-score": 0.4860392967942089, "support": 1430, "avg_prec": 0.6977102484607298}, "accuracy": 0.7011425135297655, "macro avg": {"precision": 0.7961777080310035, "recall": 0.655369419609926, "f1-score": 0.6376784021063032, "support": 3326, "avg_prec": 0.6952664164916759}, "weighted avg": {"precision": 0.7770722720355001, "recall": 0.7011425135297655, "f1-score": 0.658924289982261, "support": 3326}}