{"0.0": {"precision": 0.6656062212796041, "recall": 0.9931434599156118, "f1-score": 0.7970370370370371, "support": 1896, "avg_prec": 0.7714761278352219}, "1.0": {"precision": 0.9738430583501007, "recall": 0.3384615384615385, "f1-score": 0.5023352361183187, "support": 1430, "avg_prec": 0.7507129423555147}, "accuracy": 0.711665664461816, "macro avg": {"precision": 0.8197246398148523, "recall": 0.6658024991885751, "f1-score": 0.6496861365776778, "support": 3326, "avg_prec": 0.7610945350953683}, "weighted avg": {"precision": 0.7981313797314411, "recall": 0.711665664461816, "f1-score": 0.6703312116270048, "support": 3326}}