{"0.0": {"precision": 0.6579699785561115, "recall": 0.9709915611814346, "f1-score": 0.7844056242011078, "support": 1896, "avg_prec": 0.6670409413441243}, "1.0": {"precision": 0.8958333333333334, "recall": 0.33076923076923076, "f1-score": 0.4831460674157303, "support": 1430, "avg_prec": 0.657999105537766}, "accuracy": 0.6957306073361396, "macro avg": {"precision": 0.7769016559447224, "recall": 0.6508803959753326, "f1-score": 0.6337758458084191, "support": 3326, "avg_prec": 0.6625200234409452}, "weighted avg": {"precision": 0.7602383481686874, "recall": 0.6957306073361396, "f1-score": 0.6548803186680081, "support": 3326}}