{"0.0": {"precision": 0.9886085482959894, "recall": 0.9937541402479417, "f1-score": 0.9911746661003351, "support": 10567, "avg_prec": 0.9995716379746951}, "1.0": {"precision": 0.9455894476504534, "recall": 0.9045741324921136, "f1-score": 0.924627166465135, "support": 1268, "avg_prec": 0.974374992239134}, "accuracy": 0.9841994085340093, "macro avg": {"precision": 0.9670989979732214, "recall": 0.9491641363700276, "f1-score": 0.957900916282735, "support": 11835, "avg_prec": 0.9869733151069146}, "weighted avg": {"precision": 0.9839994887591463, "recall": 0.9841994085340093, "f1-score": 0.9840447776730065, "support": 11835}}