{"0.0": {"precision": 0.9999053747161242, "recall": 1.0, "f1-score": 0.9999526851194701, "support": 10567, "avg_prec": 0.9999999910452083}, "1.0": {"precision": 1.0, "recall": 0.999211356466877, "f1-score": 0.9996055226824457, "support": 1268, "avg_prec": 0.9999993785314948}, "accuracy": 0.9999155048584706, "macro avg": {"precision": 0.9999526873580621, "recall": 0.9996056782334385, "f1-score": 0.9997791039009579, "support": 11835, "avg_prec": 0.9999996847883516}, "weighted avg": {"precision": 0.9999155128538474, "recall": 0.9999155048584706, "f1-score": 0.9999154901917012, "support": 11835}}