{"0.0": {"precision": 0.9918783643403531, "recall": 0.9939434087252768, "f1-score": 0.9929098128190584, "support": 10567, "avg_prec": 0.9997240721226068}, "1.0": {"precision": 0.9486356340288925, "recall": 0.9321766561514195, "f1-score": 0.9403341288782816, "support": 1268, "avg_prec": 0.9827637032676172}, "accuracy": 0.9873257287705957, "macro avg": {"precision": 0.9702569991846228, "recall": 0.9630600324383481, "f1-score": 0.9666219708486701, "support": 11835, "avg_prec": 0.991243887695112}, "weighted avg": {"precision": 0.9872453451570044, "recall": 0.9873257287705957, "f1-score": 0.9872768624821844, "support": 11835}}