{"0.0": {"precision": 0.9743565920282449, "recall": 0.992429260906596, "f1-score": 0.9833098921706517, "support": 10567, "avg_prec": 0.9991182587464262}, "1.0": {"precision": 0.9253731343283582, "recall": 0.7823343848580442, "f1-score": 0.847863247863248, "support": 1268, "avg_prec": 0.9495221382357675}, "accuracy": 0.9699197296155471, "macro avg": {"precision": 0.9498648631783015, "recall": 0.88738182288232, "f1-score": 0.9155865700169499, "support": 11835, "avg_prec": 0.9743201984910969}, "weighted avg": {"precision": 0.969108512234121, "recall": 0.9699197296155471, "f1-score": 0.9687981604442649, "support": 11835}}