{"0.0": {"precision": 0.979096677864875, "recall": 0.9929024320999338, "f1-score": 0.9859512286801673, "support": 10567, "avg_prec": 0.999258397193491}, "1.0": {"precision": 0.9329758713136729, "recall": 0.8233438485804416, "f1-score": 0.8747381650607456, "support": 1268, "avg_prec": 0.9574248758493964}, "accuracy": 0.9747359526827207, "macro avg": {"precision": 0.9560362745892739, "recall": 0.9081231403401877, "f1-score": 0.9303446968704565, "support": 11835, "avg_prec": 0.9783416365214437}, "weighted avg": {"precision": 0.9741553020552489, "recall": 0.9747359526827207, "f1-score": 0.9740358788982132, "support": 11835}}