{"0.0": {"precision": 0.9580962234868081, "recall": 0.9767932489451476, "f1-score": 0.9673544006267955, "support": 1896, "avg_prec": 0.9959230486596651}, "1.0": {"precision": 0.968413496051687, "recall": 0.9433566433566434, "f1-score": 0.9557208643287283, "support": 1430, "avg_prec": 0.9930837339040439}, "accuracy": 0.9624173180998196, "macro avg": {"precision": 0.9632548597692476, "recall": 0.9600749461508955, "f1-score": 0.9615376324777618, "support": 3326, "avg_prec": 0.9945033912818545}, "weighted avg": {"precision": 0.9625320923285932, "recall": 0.9624173180998196, "f1-score": 0.962352609614698, "support": 3326}}