{"0.0": {"precision": 0.9641744548286605, "recall": 0.9794303797468354, "f1-score": 0.9717425431711145, "support": 1896, "avg_prec": 0.9969370869487325}, "1.0": {"precision": 0.9721428571428572, "recall": 0.9517482517482517, "f1-score": 0.9618374558303887, "support": 1430, "avg_prec": 0.9946961332560944}, "accuracy": 0.9675285628382442, "macro avg": {"precision": 0.9681586559857589, "recall": 0.9655893157475436, "f1-score": 0.9667899995007516, "support": 3326, "avg_prec": 0.9958166101024135}, "weighted avg": {"precision": 0.9676004365813067, "recall": 0.9675285628382442, "f1-score": 0.9674838916686377, "support": 3326}}