{"0.0": {"precision": 0.9780104712041885, "recall": 0.9852320675105485, "f1-score": 0.9816079873883342, "support": 1896, "avg_prec": 0.9984797199599713}, "1.0": {"precision": 0.980225988700565, "recall": 0.9706293706293706, "f1-score": 0.9754040758959944, "support": 1430, "avg_prec": 0.9973524949511777}, "accuracy": 0.9789536981358989, "macro avg": {"precision": 0.9791182299523767, "recall": 0.9779307190699595, "f1-score": 0.9785060316421643, "support": 3326, "avg_prec": 0.9979161074555745}, "weighted avg": {"precision": 0.9789630238259017, "recall": 0.9789536981358989, "f1-score": 0.9789406411964983, "support": 3326}}