{"0.0": {"precision": 0.9837526205450734, "recall": 0.9899789029535865, "f1-score": 0.9868559411146162, "support": 1896, "avg_prec": 0.9990296226552892}, "1.0": {"precision": 0.9866008462623413, "recall": 0.9783216783216783, "f1-score": 0.9824438202247191, "support": 1430, "avg_prec": 0.9983020361599217}, "accuracy": 0.9849669272399278, "macro avg": {"precision": 0.9851767334037074, "recall": 0.9841502906376324, "f1-score": 0.9846498806696676, "support": 3326, "avg_prec": 0.9986658294076054}, "weighted avg": {"precision": 0.9849772034601946, "recall": 0.9849669272399278, "f1-score": 0.984958967911804, "support": 3326}}