{"0.0": {"precision": 0.9564349246687239, "recall": 0.997255607078641, "f1-score": 0.9764188093583507, "support": 10567, "avg_prec": 0.9951594976887703}, "1.0": {"precision": 0.9645042839657283, "recall": 0.6214511041009464, "f1-score": 0.7558752997601919, "support": 1268, "avg_prec": 0.9266695878028485}, "accuracy": 0.9569919729615547, "macro avg": {"precision": 0.9604696043172261, "recall": 0.8093533555897937, "f1-score": 0.8661470545592713, "support": 11835, "avg_prec": 0.9609145427458095}, "weighted avg": {"precision": 0.9572994745283439, "recall": 0.9569919729615547, "f1-score": 0.9527898131462285, "support": 11835}}