{"0.0": {"precision": 0.9609667122663018, "recall": 0.9971609728399735, "f1-score": 0.9787293330856399, "support": 10567, "avg_prec": 0.9950198380553652}, "1.0": {"precision": 0.9655172413793104, "recall": 0.6624605678233438, "f1-score": 0.7857811038353602, "support": 1268, "avg_prec": 0.9295967833250669}, "accuracy": 0.9613012251795522, "macro avg": {"precision": 0.9632419768228061, "recall": 0.8298107703316586, "f1-score": 0.8822552184605, "support": 11835, "avg_prec": 0.962308310690216}, "weighted avg": {"precision": 0.9614542552249241, "recall": 0.9613012251795522, "f1-score": 0.958056890779822, "support": 11835}}