{"0.0": {"precision": 0.9847595607724347, "recall": 0.9844799848585218, "f1-score": 0.9846197529695708, "support": 10567, "avg_prec": 0.9937027975484158}, "1.0": {"precision": 0.8709677419354839, "recall": 0.8730283911671924, "f1-score": 0.8719968491532099, "support": 1268, "avg_prec": 0.9356684946188545}, "accuracy": 0.9725390790029573, "macro avg": {"precision": 0.9278636513539593, "recall": 0.9287541880128571, "f1-score": 0.9283083010613904, "support": 11835, "avg_prec": 0.9646856460836352}, "weighted avg": {"precision": 0.9725679235704698, "recall": 0.9725390790029573, "f1-score": 0.9725533531352535, "support": 11835}}