{"0.0": {"precision": 0.9790111940298507, "recall": 0.9931863348159364, "f1-score": 0.9860478226147414, "support": 10567, "avg_prec": 0.993972965799301}, "1.0": {"precision": 0.9354260089686098, "recall": 0.8225552050473186, "f1-score": 0.8753671842215693, "support": 1268, "avg_prec": 0.9356943392126823}, "accuracy": 0.9749049429657795, "macro avg": {"precision": 0.9572186014992303, "recall": 0.9078707699316275, "f1-score": 0.9307075034181553, "support": 11835, "avg_prec": 0.9648336525059916}, "weighted avg": {"precision": 0.9743414842995884, "recall": 0.9749049429657795, "f1-score": 0.9741895167860518, "support": 11835}}