{"0.0": {"precision": 0.9553943789664551, "recall": 0.997255607078641, "f1-score": 0.9758762791128397, "support": 10567, "avg_prec": 0.9944017182424547}, "1.0": {"precision": 0.9639751552795031, "recall": 0.61198738170347, "f1-score": 0.7486734201640135, "support": 1268, "avg_prec": 0.908125259103228}, "accuracy": 0.9559780312632024, "macro avg": {"precision": 0.9596847671229791, "recall": 0.8046214943910555, "f1-score": 0.8622748496384266, "support": 11835, "avg_prec": 0.9512634886728414}, "weighted avg": {"precision": 0.9563137219630707, "recall": 0.9559780312632024, "f1-score": 0.9515338012803841, "support": 11835}}