{"0.0": {"precision": 0.9845731591898542, "recall": 0.9844799848585218, "f1-score": 0.9845265698197133, "support": 10567, "avg_prec": 0.992714839745601}, "1.0": {"precision": 0.8707643814026793, "recall": 0.8714511041009464, "f1-score": 0.8711076074103272, "support": 1268, "avg_prec": 0.891487945161924}, "accuracy": 0.9723700887198986, "macro avg": {"precision": 0.9276687702962667, "recall": 0.9279655444797341, "f1-score": 0.9278170886150203, "support": 11835, "avg_prec": 0.9421013924537625}, "weighted avg": {"precision": 0.972379705008685, "recall": 0.9723700887198986, "f1-score": 0.9723748803955391, "support": 11835}}