{"0.0": {"precision": 0.9787372936678168, "recall": 0.9931863348159364, "f1-score": 0.9859088774072334, "support": 10567, "avg_prec": 0.9929516817112524}, "1.0": {"precision": 0.935251798561151, "recall": 0.8201892744479495, "f1-score": 0.8739495798319328, "support": 1268, "avg_prec": 0.8969969127389952}, "accuracy": 0.9746514575411914, "macro avg": {"precision": 0.956994546114484, "recall": 0.906687804631943, "f1-score": 0.929929228619583, "support": 11835, "avg_prec": 0.9449742972251238}, "weighted avg": {"precision": 0.9740782647032834, "recall": 0.9746514575411914, "f1-score": 0.9739135762390474, "support": 11835}}