{"0.0": {"precision": 0.9605251162366669, "recall": 0.997066338601306, "f1-score": 0.9784546805349182, "support": 10567, "avg_prec": 0.9941779606370043}, "1.0": {"precision": 0.964203233256351, "recall": 0.6585173501577287, "f1-score": 0.7825679475164011, "support": 1268, "avg_prec": 0.9060762424071139}, "accuracy": 0.960794254330376, "macro avg": {"precision": 0.962364174746509, "recall": 0.8277918443795174, "f1-score": 0.8805113140256597, "support": 11835, "avg_prec": 0.9501271015220591}, "weighted avg": {"precision": 0.9609191891036681, "recall": 0.960794254330376, "f1-score": 0.957467407407121, "support": 11835}}