{"0.0": {"precision": 0.9561855670103093, "recall": 0.9783755274261603, "f1-score": 0.9671532846715328, "support": 1896, "avg_prec": 0.9900224563956386}, "1.0": {"precision": 0.9704184704184704, "recall": 0.9405594405594405, "f1-score": 0.9552556818181819, "support": 1430, "avg_prec": 0.9876218308733702}, "accuracy": 0.9621166566446182, "macro avg": {"precision": 0.9633020187143899, "recall": 0.9594674839928004, "f1-score": 0.9612044832448574, "support": 3326, "avg_prec": 0.9888221436345044}, "weighted avg": {"precision": 0.9623049452044377, "recall": 0.9621166566446182, "f1-score": 0.9620379593316977, "support": 3326}}