{"0.0": {"precision": 0.9576664945792462, "recall": 0.9783755274261603, "f1-score": 0.967910253065484, "support": 1896, "avg_prec": 0.9937827889975204}, "1.0": {"precision": 0.9704823614110871, "recall": 0.9426573426573427, "f1-score": 0.9563675062078751, "support": 1430, "avg_prec": 0.9933137663037505}, "accuracy": 0.9630186410102225, "macro avg": {"precision": 0.9640744279951667, "recall": 0.9605164350417514, "f1-score": 0.9621388796366795, "support": 3326, "avg_prec": 0.9935482776506355}, "weighted avg": {"precision": 0.963176623734247, "recall": 0.9630186410102225, "f1-score": 0.9629474965993443, "support": 3326}}