{"0.0": {"precision": 0.943076923076923, "recall": 0.9699367088607594, "f1-score": 0.9563182527301092, "support": 1896, "avg_prec": 0.9919636623194662}, "1.0": {"precision": 0.9585755813953488, "recall": 0.9223776223776223, "f1-score": 0.9401282965074839, "support": 1430, "avg_prec": 0.9873111079714185}, "accuracy": 0.9494888755261576, "macro avg": {"precision": 0.9508262522361359, "recall": 0.9461571656191909, "f1-score": 0.9482232746187965, "support": 3326, "avg_prec": 0.9896373851454423}, "weighted avg": {"precision": 0.9497405073809967, "recall": 0.9494888755261576, "f1-score": 0.9493574477396239, "support": 3326}}