{"0.0": {"precision": 0.9634464751958225, "recall": 0.9731012658227848, "f1-score": 0.9682498032012594, "support": 1896, "avg_prec": 0.9882539733611679}, "1.0": {"precision": 0.963855421686747, "recall": 0.951048951048951, "f1-score": 0.9574093629003871, "support": 1430, "avg_prec": 0.9874559299608007}, "accuracy": 0.9636199639206253, "macro avg": {"precision": 0.9636509484412847, "recall": 0.9620751084358679, "f1-score": 0.9628295830508233, "support": 3326, "avg_prec": 0.9878549516609842}, "weighted avg": {"precision": 0.9636223000551195, "recall": 0.9636199639206253, "f1-score": 0.9635890005463444, "support": 3326}}