{"0.0": {"precision": 0.9491002570694087, "recall": 0.9736286919831224, "f1-score": 0.9612080187451185, "support": 1896, "avg_prec": 0.9949404464014937}, "1.0": {"precision": 0.9637943519188994, "recall": 0.9307692307692308, "f1-score": 0.9469939523301316, "support": 1430, "avg_prec": 0.9918667760318104}, "accuracy": 0.955201443174985, "macro avg": {"precision": 0.956447304494154, "recall": 0.9521989613761765, "f1-score": 0.954100985537625, "support": 3326, "avg_prec": 0.993403611216652}, "weighted avg": {"precision": 0.9554179226240603, "recall": 0.955201443174985, "f1-score": 0.9550967394386147, "support": 3326}}