{"0.0": {"precision": 0.9441312147616607, "recall": 0.9715189873417721, "f1-score": 0.9576293215492592, "support": 1896, "avg_prec": 0.9938730514457867}, "1.0": {"precision": 0.9607272727272728, "recall": 0.9237762237762238, "f1-score": 0.9418894830659538, "support": 1430, "avg_prec": 0.9901712813311428}, "accuracy": 0.9509921828021648, "macro avg": {"precision": 0.9524292437444668, "recall": 0.947647605558998, "f1-score": 0.9497594023076065, "support": 3326, "avg_prec": 0.9920221663884647}, "weighted avg": {"precision": 0.9512666215237849, "recall": 0.9509921828021648, "f1-score": 0.9508620428267316, "support": 3326}}