{"0.0": {"precision": 0.9629436325678496, "recall": 0.9731012658227848, "f1-score": 0.9679958027282266, "support": 1896, "avg_prec": 0.9838420337880964}, "1.0": {"precision": 0.9638297872340426, "recall": 0.9503496503496504, "f1-score": 0.9570422535211268, "support": 1430, "avg_prec": 0.980626069669557}, "accuracy": 0.963319302465424, "macro avg": {"precision": 0.9633867099009461, "recall": 0.9617254580862176, "f1-score": 0.9625190281246767, "support": 3326, "avg_prec": 0.9822340517288267}, "weighted avg": {"precision": 0.9633246311164534, "recall": 0.963319302465424, "f1-score": 0.9632863693649817, "support": 3326}}