{"0.0": {"precision": 0.948559670781893, "recall": 0.9725738396624473, "f1-score": 0.9604166666666666, "support": 1896, "avg_prec": 0.9928674523623084}, "1.0": {"precision": 0.9623733719247467, "recall": 0.9300699300699301, "f1-score": 0.9459459459459458, "support": 1430, "avg_prec": 0.9885743829389839}, "accuracy": 0.9542994588093806, "macro avg": {"precision": 0.9554665213533198, "recall": 0.9513218848661886, "f1-score": 0.9531813063063062, "support": 3326, "avg_prec": 0.9907209176506462}, "weighted avg": {"precision": 0.9544988146887724, "recall": 0.9542994588093806, "f1-score": 0.9541950398985876, "support": 3326}}