{"0.0": {"precision": 0.8960994719809232, "recall": 0.9957414592599603, "f1-score": 0.9432964274508047, "support": 10567, "avg_prec": 0.912191537846831}, "1.0": {"precision": 0.5161290322580645, "recall": 0.03785488958990536, "f1-score": 0.07053637031594416, "support": 1268, "avg_prec": 0.19152190741757427}, "accuracy": 0.893113645965357, "macro avg": {"precision": 0.7061142521194939, "recall": 0.5167981744249328, "f1-score": 0.5069163988833744, "support": 11835, "avg_prec": 0.5518567226322026}, "weighted avg": {"precision": 0.8553895000697627, "recall": 0.893113645965357, "f1-score": 0.8497890550429464, "support": 11835}}