{"0.0": {"precision": 0.8942201912498943, "recall": 1.0, "f1-score": 0.94415654038599, "support": 10567, "avg_prec": 0.9205287350809943}, "1.0": {"precision": 1.0, "recall": 0.014195583596214511, "f1-score": 0.027993779160186628, "support": 1268, "avg_prec": 0.19100475731534206}, "accuracy": 0.8943810730882974, "macro avg": {"precision": 0.9471100956249472, "recall": 0.5070977917981072, "f1-score": 0.4860751597730883, "support": 11835, "avg_prec": 0.5557667461981681}, "weighted avg": {"precision": 0.9055534229774088, "recall": 0.8943810730882974, "f1-score": 0.8459990092297315, "support": 11835}}