{"0.0": {"precision": 0.8940599086139787, "recall": 0.9999053657613325, "f1-score": 0.9440250167522896, "support": 10567, "avg_prec": 0.9232582168214563}, "1.0": {"precision": 0.9411764705882353, "recall": 0.012618296529968454, "f1-score": 0.02490272373540856, "support": 1268, "avg_prec": 0.19945032299752005}, "accuracy": 0.8941275876637094, "macro avg": {"precision": 0.917618189601107, "recall": 0.5062618311456505, "f1-score": 0.48446387024384907, "support": 11835, "avg_prec": 0.5613542699094881}, "weighted avg": {"precision": 0.8991079694997715, "recall": 0.8941275876637094, "f1-score": 0.8455504018350606, "support": 11835}}