{"0.0": {"precision": 0.8992855898240112, "recall": 0.9768146115264502, "f1-score": 0.9364481741891586, "support": 10567, "avg_prec": 0.9090802646770562}, "1.0": {"precision": 0.3137254901960784, "recall": 0.08832807570977919, "f1-score": 0.13784615384615384, "support": 1268, "avg_prec": 0.15015534380391413}, "accuracy": 0.8816223067173637, "macro avg": {"precision": 0.6065055400100448, "recall": 0.5325713436181148, "f1-score": 0.5371471640176562, "support": 11835, "avg_prec": 0.5296178042404851}, "weighted avg": {"precision": 0.8365487747561432, "recall": 0.8816223067173637, "f1-score": 0.8508860819377916, "support": 11835}}