{"0.0": {"precision": 0.6465020576131687, "recall": 0.8285864978902954, "f1-score": 0.7263060564031437, "support": 1896, "avg_prec": 0.6489474821206507}, "1.0": {"precision": 0.6372767857142857, "recall": 0.3993006993006993, "f1-score": 0.4909716251074806, "support": 1430, "avg_prec": 0.6128525594592973}, "accuracy": 0.6440168370414913, "macro avg": {"precision": 0.6418894216637272, "recall": 0.6139435985954973, "f1-score": 0.6086388407553122, "support": 3326, "avg_prec": 0.630900020789974}, "weighted avg": {"precision": 0.6425356899597103, "recall": 0.6440168370414913, "f1-score": 0.6251249870246716, "support": 3326}}