{"0.0": {"precision": 0.672514619883041, "recall": 0.9098101265822784, "f1-score": 0.7733691997310019, "support": 1896, "avg_prec": 0.7424073222830827}, "1.0": {"precision": 0.7752956636005256, "recall": 0.4125874125874126, "f1-score": 0.5385668644454588, "support": 1430, "avg_prec": 0.7161404408252794}, "accuracy": 0.6960312687913409, "macro avg": {"precision": 0.7239051417417832, "recall": 0.6611987695848456, "f1-score": 0.6559680320882304, "support": 3326, "avg_prec": 0.729273881554181}, "weighted avg": {"precision": 0.7167049062678884, "recall": 0.6960312687913409, "f1-score": 0.6724169028403445, "support": 3326}}