{"0.0": {"precision": 0.6673114119922631, "recall": 0.9098101265822784, "f1-score": 0.76991742914528, "support": 1896, "avg_prec": 0.7185259666141921}, "1.0": {"precision": 0.7692307692307693, "recall": 0.3986013986013986, "f1-score": 0.5251036388760939, "support": 1430, "avg_prec": 0.6807688950787077}, "accuracy": 0.6900180396873121, "macro avg": {"precision": 0.7182710906115162, "recall": 0.6542057625918385, "f1-score": 0.647510534010687, "support": 3326, "avg_prec": 0.69964743084645}, "weighted avg": {"precision": 0.7111312198248139, "recall": 0.6900180396873121, "f1-score": 0.6646607484222085, "support": 3326}}