{"0.0": {"precision": 0.6538158929976396, "recall": 0.8765822784810127, "f1-score": 0.7489860297431276, "support": 1896, "avg_prec": 0.6801581456340302}, "1.0": {"precision": 0.701530612244898, "recall": 0.38461538461538464, "f1-score": 0.4968383017163505, "support": 1430, "avg_prec": 0.6238156274040167}, "accuracy": 0.6650631389055923, "macro avg": {"precision": 0.6776732526212688, "recall": 0.6305988315481986, "f1-score": 0.6229121657297391, "support": 3326, "avg_prec": 0.6519868865190235}, "weighted avg": {"precision": 0.6743306399981144, "recall": 0.6650631389055923, "f1-score": 0.6405761526901236, "support": 3326}}