{"0.0": {"precision": 0.9915102348835015, "recall": 0.9947004826346172, "f1-score": 0.9931027966742253, "support": 10567, "avg_prec": 0.9992443081657357}, "1.0": {"precision": 0.9546191247974068, "recall": 0.9290220820189274, "f1-score": 0.941646682653877, "support": 1268, "avg_prec": 0.9800558969372998}, "accuracy": 0.9876637093367131, "macro avg": {"precision": 0.9730646798404542, "recall": 0.9618612823267723, "f1-score": 0.9673747396640511, "support": 11835, "avg_prec": 0.9896501025515178}, "weighted avg": {"precision": 0.9875577272714046, "recall": 0.9876637093367131, "f1-score": 0.9875897968788894, "support": 11835}}