{"0.0": {"precision": 0.9784816022356777, "recall": 0.9940380429639444, "f1-score": 0.9861984790160548, "support": 10567, "avg_prec": 0.9993729292980641}, "1.0": {"precision": 0.9427272727272727, "recall": 0.8178233438485805, "f1-score": 0.8758445945945945, "support": 1268, "avg_prec": 0.9700997055951923}, "accuracy": 0.9751584283903676, "macro avg": {"precision": 0.9606044374814753, "recall": 0.9059306934062624, "f1-score": 0.9310215368053247, "support": 11835, "avg_prec": 0.9847363174466282}, "weighted avg": {"precision": 0.9746508891121748, "recall": 0.9751584283903676, "f1-score": 0.9743751815554369, "support": 11835}}