{"0.0": {"precision": 0.9739211136890952, "recall": 0.9930917005772688, "f1-score": 0.9834129884734326, "support": 10567, "avg_prec": 0.9989415954368093}, "1.0": {"precision": 0.9311320754716981, "recall": 0.7783911671924291, "f1-score": 0.8479381443298969, "support": 1268, "avg_prec": 0.9501152132849383}, "accuracy": 0.9700887198986058, "macro avg": {"precision": 0.9525265945803967, "recall": 0.8857414338848489, "f1-score": 0.9156755664016647, "support": 11835, "avg_prec": 0.9745284043608737}, "weighted avg": {"precision": 0.9693367030038682, "recall": 0.9700887198986058, "f1-score": 0.9688982354211297, "support": 11835}}