{"0.0": {"precision": 0.9791044776119403, "recall": 0.993280969054604, "f1-score": 0.9861417766712078, "support": 10567, "avg_prec": 0.999058620796622}, "1.0": {"precision": 0.9363228699551569, "recall": 0.8233438485804416, "f1-score": 0.8762064624422996, "support": 1268, "avg_prec": 0.956217903062218}, "accuracy": 0.9750739332488382, "macro avg": {"precision": 0.9577136737835485, "recall": 0.9083124088175227, "f1-score": 0.9311741195567538, "support": 11835, "avg_prec": 0.9776382619294199}, "weighted avg": {"precision": 0.9745208630357848, "recall": 0.9750739332488382, "f1-score": 0.9743633247538225, "support": 11835}}