{"0.0": {"precision": 0.9879597403819019, "recall": 0.9939434087252768, "f1-score": 0.9909425417492217, "support": 10567, "avg_prec": 0.9992148629130848}, "1.0": {"precision": 0.946843853820598, "recall": 0.8990536277602523, "f1-score": 0.9223300970873787, "support": 1268, "avg_prec": 0.9738160910073479}, "accuracy": 0.9837769328263625, "macro avg": {"precision": 0.96740179710125, "recall": 0.9464985182427645, "f1-score": 0.9566363194183002, "support": 11835, "avg_prec": 0.9865154769602164}, "weighted avg": {"precision": 0.9835545908965, "recall": 0.9837769328263625, "f1-score": 0.9835914154432466, "support": 11835}}