{"0.0": {"precision": 0.9831586826347305, "recall": 0.9944165799186145, "f1-score": 0.9887555869207245, "support": 10567, "avg_prec": 0.9994814047719721}, "1.0": {"precision": 0.948561464690497, "recall": 0.8580441640378549, "f1-score": 0.9010351966873706, "support": 1268, "avg_prec": 0.9773269308104084}, "accuracy": 0.9798056611744824, "macro avg": {"precision": 0.9658600736626137, "recall": 0.9262303719782348, "f1-score": 0.9448953918040476, "support": 11835, "avg_prec": 0.9884041677911903}, "weighted avg": {"precision": 0.9794519422584493, "recall": 0.9798056611744824, "f1-score": 0.9793572383938218, "support": 11835}}