{"0.0": {"precision": 0.9927385892116183, "recall": 0.9962146304532981, "f1-score": 0.9944735723395209, "support": 10567, "avg_prec": 0.9995372997584373}, "1.0": {"precision": 0.9675060926076361, "recall": 0.9392744479495269, "f1-score": 0.9531812725090036, "support": 1268, "avg_prec": 0.9925389671043188}, "accuracy": 0.9901140684410646, "macro avg": {"precision": 0.9801223409096271, "recall": 0.9677445392014125, "f1-score": 0.9738274224242622, "support": 11835, "avg_prec": 0.996038133431378}, "weighted avg": {"precision": 0.990035183576312, "recall": 0.9901140684410646, "f1-score": 0.9900495219647768, "support": 11835}}