{"0.0": {"precision": 0.9964079780697609, "recall": 0.9975395097946437, "f1-score": 0.9969734228695735, "support": 10567, "avg_prec": 0.999499001012746}, "1.0": {"precision": 0.9792993630573248, "recall": 0.9700315457413249, "f1-score": 0.9746434231378763, "support": 1268, "avg_prec": 0.995414676248297}, "accuracy": 0.9945923109421209, "macro avg": {"precision": 0.9878536705635428, "recall": 0.9837855277679843, "f1-score": 0.985808423003725, "support": 11835, "avg_prec": 0.9974568386305216}, "weighted avg": {"precision": 0.9945749638039586, "recall": 0.9945923109421209, "f1-score": 0.9945809902831947, "support": 11835}}