{"0.0": {"precision": 0.974934725848564, "recall": 0.984704641350211, "f1-score": 0.9797953293098924, "support": 1896, "avg_prec": 0.9986837045139679}, "1.0": {"precision": 0.9794472005669738, "recall": 0.9664335664335665, "f1-score": 0.9728968673002465, "support": 1430, "avg_prec": 0.9976929030078336}, "accuracy": 0.9768490679494889, "macro avg": {"precision": 0.9771909632077689, "recall": 0.9755691038918888, "f1-score": 0.9763460983050695, "support": 3326, "avg_prec": 0.9981883037609007}, "weighted avg": {"precision": 0.9768748457665815, "recall": 0.9768490679494889, "f1-score": 0.9768293639840374, "support": 3326}}