{"0.0": {"precision": 0.9780678851174934, "recall": 0.9878691983122363, "f1-score": 0.9829441091577015, "support": 1896, "avg_prec": 0.9984282451550859}, "1.0": {"precision": 0.9836995038979447, "recall": 0.9706293706293706, "f1-score": 0.9771207321365717, "support": 1430, "avg_prec": 0.9973161311216159}, "accuracy": 0.9804570054119062, "macro avg": {"precision": 0.9808836945077191, "recall": 0.9792492844708034, "f1-score": 0.9800324206471366, "support": 3326, "avg_prec": 0.9978721881383509}, "weighted avg": {"precision": 0.980489176415162, "recall": 0.9804570054119062, "f1-score": 0.9804403721943173, "support": 3326}}