{"0.0": {"precision": 0.9832285115303984, "recall": 0.989451476793249, "f1-score": 0.9863301787592009, "support": 1896, "avg_prec": 0.9984983543180594}, "1.0": {"precision": 0.9858956276445698, "recall": 0.9776223776223776, "f1-score": 0.9817415730337078, "support": 1430, "avg_prec": 0.9979429432454968}, "accuracy": 0.9843656043295249, "macro avg": {"precision": 0.9845620695874842, "recall": 0.9835369272078133, "f1-score": 0.9840358758964544, "support": 3326, "avg_prec": 0.9982206487817782}, "weighted avg": {"precision": 0.9843752271176699, "recall": 0.9843656043295249, "f1-score": 0.9843573266282762, "support": 3326}}