{"0.0": {"precision": 0.9682126107347577, "recall": 0.979957805907173, "f1-score": 0.9740498034076015, "support": 1896, "avg_prec": 0.9971423376530941}, "1.0": {"precision": 0.9729921819474058, "recall": 0.9573426573426573, "f1-score": 0.9651039830807191, "support": 1430, "avg_prec": 0.995137530069667}, "accuracy": 0.9702345159350572, "macro avg": {"precision": 0.9706023963410817, "recall": 0.9686502316249151, "f1-score": 0.9695768932441603, "support": 3326, "avg_prec": 0.9961399338613806}, "weighted avg": {"precision": 0.9702675676902859, "recall": 0.9702345159350572, "f1-score": 0.9702035848064464, "support": 3326}}