{"0.0": {"precision": 0.9931614939505523, "recall": 0.9957805907172996, "f1-score": 0.9944693178825388, "support": 1896, "avg_prec": 0.9994069863776313}, "1.0": {"precision": 0.9943859649122807, "recall": 0.990909090909091, "f1-score": 0.9926444833625219, "support": 1430, "avg_prec": 0.9995248007702581}, "accuracy": 0.9936861094407697, "macro avg": {"precision": 0.9937737294314165, "recall": 0.9933448408131953, "f1-score": 0.9935569006225303, "support": 3326, "avg_prec": 0.9994658935739447}, "weighted avg": {"precision": 0.9936879501968756, "recall": 0.9936861094407697, "f1-score": 0.993684737797264, "support": 3326}}