{"0.0": {"precision": 0.9708485163977095, "recall": 0.9836497890295358, "f1-score": 0.9772072308095363, "support": 1896, "avg_prec": 0.9980002209350022}, "1.0": {"precision": 0.9779359430604982, "recall": 0.9608391608391609, "f1-score": 0.9693121693121692, "support": 1430, "avg_prec": 0.9965033199132068}, "accuracy": 0.9738424533974744, "macro avg": {"precision": 0.9743922297291039, "recall": 0.9722444749343484, "f1-score": 0.9732597000608527, "support": 3326, "avg_prec": 0.9972517704241045}, "weighted avg": {"precision": 0.9738957262978263, "recall": 0.9738424533974744, "f1-score": 0.9738127816389907, "support": 3326}}