{"0.0": {"precision": 0.9610793980280228, "recall": 0.9767932489451476, "f1-score": 0.9688726131310489, "support": 1896, "avg_prec": 0.9962086904445823}, "1.0": {"precision": 0.9685489635453896, "recall": 0.9475524475524476, "f1-score": 0.9579356663131848, "support": 1430, "avg_prec": 0.9936204066991751}, "accuracy": 0.9642212868310283, "macro avg": {"precision": 0.9648141807867061, "recall": 0.9621728482487977, "f1-score": 0.9634041397221169, "support": 3326, "avg_prec": 0.9949145485718787}, "weighted avg": {"precision": 0.9642909069546116, "recall": 0.9642212868310283, "f1-score": 0.9641703178966696, "support": 3326}}