{"0.0": {"precision": 0.9874081846799581, "recall": 0.9926160337552743, "f1-score": 0.9900052603892688, "support": 1896, "avg_prec": 0.9997291756577625}, "1.0": {"precision": 0.9901408450704225, "recall": 0.9832167832167832, "f1-score": 0.9866666666666666, "support": 1430, "avg_prec": 0.9995226061913542}, "accuracy": 0.9885748647023451, "macro avg": {"precision": 0.9887745148751903, "recall": 0.9879164084860288, "f1-score": 0.9883359635279677, "support": 3326, "avg_prec": 0.9996258909245583}, "weighted avg": {"precision": 0.9885830807588409, "recall": 0.9885748647023451, "f1-score": 0.9885698457701104, "support": 3326}}