{"0.0": {"precision": 0.8969676378153402, "recall": 0.9993375603293272, "f1-score": 0.9453894359892571, "support": 10567, "avg_prec": 0.9013628412981349}, "1.0": {"precision": 0.8870967741935484, "recall": 0.04337539432176656, "f1-score": 0.08270676691729324, "support": 1268, "avg_prec": 0.17789268412687068}, "accuracy": 0.8969159273341782, "macro avg": {"precision": 0.8920322060044443, "recall": 0.5213564773255469, "f1-score": 0.5140481014532752, "support": 11835, "avg_prec": 0.5396277627125028}, "weighted avg": {"precision": 0.8959100750715774, "recall": 0.8969159273341782, "f1-score": 0.852961753320626, "support": 11835}}