{"0.0": {"precision": 0.8968765914106264, "recall": 1.0, "f1-score": 0.9456351514609154, "support": 10567, "avg_prec": 0.9072391166324452}, "1.0": {"precision": 1.0, "recall": 0.0417981072555205, "f1-score": 0.08024224072672217, "support": 1268, "avg_prec": 0.20624170470719053}, "accuracy": 0.8973384030418251, "macro avg": {"precision": 0.9484382957053132, "recall": 0.5208990536277602, "f1-score": 0.5129386960938188, "support": 11835, "avg_prec": 0.5567404106698178}, "weighted avg": {"precision": 0.9079252168513805, "recall": 0.8973384030418251, "f1-score": 0.8529170939356971, "support": 11835}}