{"0.0": {"precision": 0.8966482817140433, "recall": 1.0, "f1-score": 0.9455082319255548, "support": 10567, "avg_prec": 0.9102173535664941}, "1.0": {"precision": 1.0, "recall": 0.03943217665615142, "f1-score": 0.07587253414264036, "support": 1268, "avg_prec": 0.22848853999827914}, "accuracy": 0.897084917617237, "macro avg": {"precision": 0.9483241408570217, "recall": 0.5197160883280757, "f1-score": 0.5106903830340975, "support": 11835, "avg_prec": 0.5693529467823867}, "weighted avg": {"precision": 0.9077213682190364, "recall": 0.897084917617237, "f1-score": 0.8523356028770768, "support": 11835}}