{"0.0": {"precision": 0.8972288337300238, "recall": 0.9988643891359894, "f1-score": 0.9453226456495455, "support": 10567, "avg_prec": 0.8999494500578312}, "1.0": {"precision": 0.8309859154929577, "recall": 0.04652996845425868, "f1-score": 0.08812546676624346, "support": 1268, "avg_prec": 0.1649900058614184}, "accuracy": 0.8968314321926489, "macro avg": {"precision": 0.8641073746114908, "recall": 0.522697178795124, "f1-score": 0.5167240562078945, "support": 11835, "avg_prec": 0.5324697279596248}, "weighted avg": {"precision": 0.8901315781047936, "recall": 0.8968314321926489, "f1-score": 0.8534826775190827, "support": 11835}}