{"0.0": {"precision": 0.6604784005712245, "recall": 0.9757383966244726, "f1-score": 0.7877368533106238, "support": 1896, "avg_prec": 0.669400349802022}, "1.0": {"precision": 0.9123809523809524, "recall": 0.334965034965035, "f1-score": 0.4900255754475704, "support": 1430, "avg_prec": 0.6422901092186396}, "accuracy": 0.7002405291641611, "macro avg": {"precision": 0.7864296764760885, "recall": 0.6553517157947538, "f1-score": 0.6388812143790972, "support": 3326, "avg_prec": 0.6558452295103308}, "weighted avg": {"precision": 0.7687828651196043, "recall": 0.7002405291641611, "f1-score": 0.6597371156845967, "support": 3326}}