{"0.0": {"precision": 0.6657183499288762, "recall": 0.9873417721518988, "f1-score": 0.7952421410365337, "support": 1896, "avg_prec": 0.7465449007045759}, "1.0": {"precision": 0.953307392996109, "recall": 0.34265734265734266, "f1-score": 0.5041152263374485, "support": 1430, "avg_prec": 0.7545494038331305}, "accuracy": 0.7101623571858088, "macro avg": {"precision": 0.8095128714624926, "recall": 0.6649995574046207, "f1-score": 0.6496786836869911, "support": 3326, "avg_prec": 0.7505471522688532}, "weighted avg": {"precision": 0.7893660743985523, "recall": 0.7101623571858088, "f1-score": 0.670073323231455, "support": 3326}}