{"0.0": {"precision": 0.6615767045454546, "recall": 0.9825949367088608, "f1-score": 0.7907470288624787, "support": 1896, "avg_prec": 0.6910639970429473}, "1.0": {"precision": 0.9352941176470588, "recall": 0.33356643356643356, "f1-score": 0.49175257731958766, "support": 1430, "avg_prec": 0.7026195916768172}, "accuracy": 0.703547805171377, "macro avg": {"precision": 0.7984354110962567, "recall": 0.6580806851376472, "f1-score": 0.6412498030910332, "support": 3326, "avg_prec": 0.6968417943598822}, "weighted avg": {"precision": 0.7792603788495117, "recall": 0.703547805171377, "f1-score": 0.6621955959982772, "support": 3326}}