{"0.0": {"precision": 0.6656005685856432, "recall": 0.9878691983122363, "f1-score": 0.7953290870488323, "support": 1896, "avg_prec": 0.7660479467441992}, "1.0": {"precision": 0.955078125, "recall": 0.34195804195804197, "f1-score": 0.5036045314109167, "support": 1430, "avg_prec": 0.7605506898542423}, "accuracy": 0.7101623571858088, "macro avg": {"precision": 0.8103393467928216, "recall": 0.6649136201351391, "f1-score": 0.6494668092298745, "support": 3326, "avg_prec": 0.7632993182992207}, "weighted avg": {"precision": 0.7900602515900118, "recall": 0.7101623571858088, "f1-score": 0.6699033159838235, "support": 3326}}