{"0.0": {"precision": 0.8927661742231279, "recall": 0.9950790195892874, "f1-score": 0.9411501454464085, "support": 10567, "avg_prec": 0.8934288439446242}, "1.0": {"precision": 0.08771929824561403, "recall": 0.003943217665615142, "f1-score": 0.007547169811320753, "support": 1268, "avg_prec": 0.107647250580791}, "accuracy": 0.8888888888888888, "macro avg": {"precision": 0.490242736234371, "recall": 0.49951111862745123, "f1-score": 0.47434865762886463, "support": 11835, "avg_prec": 0.5005380472627076}, "weighted avg": {"precision": 0.8065135811737415, "recall": 0.8888888888888888, "f1-score": 0.8411240725182048, "support": 11835}}