{"0.0": {"precision": 0.8930757954643442, "recall": 0.9801268098798145, "f1-score": 0.9345785959213138, "support": 10567, "avg_prec": 0.8930846353436758}, "1.0": {"precision": 0.11764705882352941, "recall": 0.022082018927444796, "f1-score": 0.03718459495351926, "support": 1268, "avg_prec": 0.10750756754203786}, "accuracy": 0.877482044782425, "macro avg": {"precision": 0.5053614271439368, "recall": 0.5011044144036296, "f1-score": 0.4858815954374165, "support": 11835, "avg_prec": 0.5002961014428569}, "weighted avg": {"precision": 0.8099964851085729, "recall": 0.877482044782425, "f1-score": 0.8384319467259471, "support": 11835}}