{"0.0": {"precision": 0.5706973768394114, "recall": 0.9409282700421941, "f1-score": 0.71047391477499, "support": 1896, "avg_prec": 0.5800100543487156}, "1.0": {"precision": 0.44, "recall": 0.06153846153846154, "f1-score": 0.1079754601226994, "support": 1430, "avg_prec": 0.43646816594018223}, "accuracy": 0.5628382441371016, "macro avg": {"precision": 0.5053486884197057, "recall": 0.5012333657903278, "f1-score": 0.4092246874488447, "support": 3326, "avg_prec": 0.5082391101444489}, "weighted avg": {"precision": 0.5145045780178966, "recall": 0.5628382441371016, "f1-score": 0.4514321859256889, "support": 3326}}