{"0.0": {"precision": 0.5688360450563203, "recall": 0.9588607594936709, "f1-score": 0.7140612725844462, "support": 1896, "avg_prec": 0.5790028333639018}, "1.0": {"precision": 0.4, "recall": 0.03636363636363636, "f1-score": 0.06666666666666667, "support": 1430, "avg_prec": 0.4356000767693578}, "accuracy": 0.5622369212266988, "macro avg": {"precision": 0.4844180225281602, "recall": 0.49761219792865363, "f1-score": 0.3903639696255564, "support": 3326, "avg_prec": 0.5073014550666298}, "weighted avg": {"precision": 0.4962456829304821, "recall": 0.5622369212266988, "f1-score": 0.43571662842857584, "support": 3326}}