{"0.0": {"precision": 0.5691873235017257, "recall": 0.9567510548523207, "f1-score": 0.7137517214243557, "support": 1896, "avg_prec": 0.5800656360733906}, "1.0": {"precision": 0.41007194244604317, "recall": 0.03986013986013986, "f1-score": 0.07265774378585085, "support": 1430, "avg_prec": 0.43667248081442533}, "accuracy": 0.5625375826819001, "macro avg": {"precision": 0.48962963297388445, "recall": 0.49830559735623026, "f1-score": 0.3932047326051033, "support": 3326, "avg_prec": 0.508369058443908}, "weighted avg": {"precision": 0.5007763208229447, "recall": 0.5625375826819001, "f1-score": 0.4381160064444814, "support": 3326}}