{"0.0": {"precision": 0.5694078947368421, "recall": 0.9129746835443038, "f1-score": 0.7013776337115071, "support": 1896, "avg_prec": 0.5757302929511778}, "1.0": {"precision": 0.4230769230769231, "recall": 0.08461538461538462, "f1-score": 0.14102564102564102, "support": 1430, "avg_prec": 0.4283915712018388}, "accuracy": 0.5568250150330728, "macro avg": {"precision": 0.49624240890688254, "recall": 0.4987950340798442, "f1-score": 0.4212016373685741, "support": 3326, "avg_prec": 0.5020609320765084}, "weighted avg": {"precision": 0.5064934962179953, "recall": 0.5568250150330728, "f1-score": 0.460456602580783, "support": 3326}}