{"precision": 0.13583333333333333, "recall": 0.08743333333333334, "realism": 1.1115588087887722, "model_name": "arlm_large_top10", "k": 3, "masked_mean": false, "emb_model": "prot_t5_xl_half"}