{"precision": 0.10903333333333333, "recall": 0.0142, "realism": 0.9759621927774195, "model_name": "arlm_large_top10_t0_9", "k": 3, "masked_mean": false, "emb_model": "prot_t5_xl_half"}