{"0.0": {"precision": 0.9778274641326625, "recall": 0.993280969054604, "f1-score": 0.9854936387963006, "support": 10567, "avg_prec": 0.9925927991407133}, "1.0": {"precision": 0.935513169845595, "recall": 0.8123028391167192, "f1-score": 0.8695652173913043, "support": 1268, "avg_prec": 0.8961075375287996}, "accuracy": 0.9738910012674271, "macro avg": {"precision": 0.9566703169891287, "recall": 0.9027919040856616, "f1-score": 0.9275294280938025, "support": 11835, "avg_prec": 0.9443501683347564}, "weighted avg": {"precision": 0.9732939174359154, "recall": 0.9738910012674271, "f1-score": 0.9730730863382071, "support": 11835}}