{"0.0": {"precision": 0.9551183244174449, "recall": 0.9968770701239709, "f1-score": 0.9755510279681423, "support": 10567, "avg_prec": 0.9954670080249454}, "1.0": {"precision": 0.9590570719602978, "recall": 0.6096214511041009, "f1-score": 0.7454194792671166, "support": 1268, "avg_prec": 0.92262005922221}, "accuracy": 0.9553865652724969, "macro avg": {"precision": 0.9570876981888714, "recall": 0.8032492606140359, "f1-score": 0.8604852536176295, "support": 11835, "avg_prec": 0.9590435336235776}, "weighted avg": {"precision": 0.9555403211968567, "recall": 0.9553865652724969, "f1-score": 0.9508947707858102, "support": 11835}}