{"0.0": {"precision": 0.9837899326950422, "recall": 0.982114128891833, "f1-score": 0.982951316537223, "support": 10567, "avg_prec": 0.9932534681211214}, "1.0": {"precision": 0.8530326594090202, "recall": 0.8651419558359621, "f1-score": 0.8590446358653092, "support": 1268, "avg_prec": 0.933047074004821}, "accuracy": 0.9695817490494296, "macro avg": {"precision": 0.9184112960520312, "recall": 0.9236280423638976, "f1-score": 0.9209979762012661, "support": 11835, "avg_prec": 0.9631502710629711}, "weighted avg": {"precision": 0.9697806194270511, "recall": 0.9695817490494296, "f1-score": 0.969675974662108, "support": 11835}}