{"0.0": {"precision": 0.9611207447293967, "recall": 0.9965931674079682, "f1-score": 0.9785355881806356, "support": 10567, "avg_prec": 0.995357631125525}, "1.0": {"precision": 0.958997722095672, "recall": 0.6640378548895899, "f1-score": 0.7847157502329916, "support": 1268, "avg_prec": 0.9272421005940612}, "accuracy": 0.9609632446134347, "macro avg": {"precision": 0.9600592334125344, "recall": 0.830315511148779, "f1-score": 0.8816256692068136, "support": 11835, "avg_prec": 0.9612998658597931}, "weighted avg": {"precision": 0.960893284425251, "recall": 0.9609632446134347, "f1-score": 0.9577697618589107, "support": 11835}}