{"0.0": {"precision": 0.9540802463544968, "recall": 0.9968770701239709, "f1-score": 0.9750092558311737, "support": 10567, "avg_prec": 0.9946082031539837}, "1.0": {"precision": 0.9584382871536524, "recall": 0.6001577287066246, "f1-score": 0.7381183317167798, "support": 1268, "avg_prec": 0.9023266653654785}, "accuracy": 0.9543726235741445, "macro avg": {"precision": 0.9562592667540746, "recall": 0.7985173994152978, "f1-score": 0.8565637937739767, "support": 11835, "avg_prec": 0.948467434259731}, "weighted avg": {"precision": 0.954547166146075, "recall": 0.9543726235741445, "f1-score": 0.9496288002522087, "support": 11835}}