{"0.0": {"precision": 0.978283157796626, "recall": 0.993280969054604, "f1-score": 0.9857250187828701, "support": 10567, "avg_prec": 0.9935731719431067}, "1.0": {"precision": 0.9358047016274864, "recall": 0.8162460567823344, "f1-score": 0.8719460825610784, "support": 1268, "avg_prec": 0.9355351566668132}, "accuracy": 0.974313476975074, "macro avg": {"precision": 0.9570439297120562, "recall": 0.9047635129184692, "f1-score": 0.9288355506719743, "support": 11835, "avg_prec": 0.96455416430496}, "weighted avg": {"precision": 0.9737320228221884, "recall": 0.974313476975074, "f1-score": 0.9735347618222253, "support": 11835}}