{"0.0": {"precision": 0.9607700027369765, "recall": 0.9965931674079682, "f1-score": 0.9783537718320326, "support": 10567, "avg_prec": 0.9944332984737656}, "1.0": {"precision": 0.9588100686498856, "recall": 0.6608832807570978, "f1-score": 0.7824463118580766, "support": 1268, "avg_prec": 0.9029450262794432}, "accuracy": 0.9606252640473173, "macro avg": {"precision": 0.959790035693431, "recall": 0.828738224082533, "f1-score": 0.8804000418450546, "support": 11835, "avg_prec": 0.9486891623766044}, "weighted avg": {"precision": 0.9605600157135349, "recall": 0.9606252640473173, "f1-score": 0.9573642780215573, "support": 11835}}