{"0.0": {"precision": 0.9836034499099612, "recall": 0.982114128891833, "f1-score": 0.9828582252107207, "support": 10567, "avg_prec": 0.992154948279081}, "1.0": {"precision": 0.852803738317757, "recall": 0.863564668769716, "f1-score": 0.8581504702194357, "support": 1268, "avg_prec": 0.884192908677017}, "accuracy": 0.9694127587663709, "macro avg": {"precision": 0.9182035941138591, "recall": 0.9228393988307746, "f1-score": 0.9205043477150783, "support": 11835, "avg_prec": 0.938173928478049}, "weighted avg": {"precision": 0.9695895898086586, "recall": 0.9694127587663709, "f1-score": 0.9694970563616333, "support": 11835}}