{"0.0": {"precision": 0.949510561566203, "recall": 0.9720464135021097, "f1-score": 0.9606463382851186, "support": 1896, "avg_prec": 0.9927211598666879}, "1.0": {"precision": 0.9617328519855596, "recall": 0.9314685314685315, "f1-score": 0.9463587921847247, "support": 1430, "avg_prec": 0.9884122047207311}, "accuracy": 0.9546001202645821, "macro avg": {"precision": 0.9556217067758812, "recall": 0.9517574724853206, "f1-score": 0.9535025652349216, "support": 3326, "avg_prec": 0.9905666822937095}, "weighted avg": {"precision": 0.954765484987634, "recall": 0.9546001202645821, "f1-score": 0.9545034666905414, "support": 3326}}