{"0.0": {"precision": 0.9741151611199155, "recall": 0.9725738396624473, "f1-score": 0.9733438902084983, "support": 1896, "avg_prec": 0.9868918276539521}, "1.0": {"precision": 0.9637124912770412, "recall": 0.9657342657342657, "f1-score": 0.9647223192455465, "support": 1430, "avg_prec": 0.9861003340318745}, "accuracy": 0.9696331930246542, "macro avg": {"precision": 0.9689138261984783, "recall": 0.9691540526983564, "f1-score": 0.9690331047270224, "support": 3326, "avg_prec": 0.9864960808429133}, "weighted avg": {"precision": 0.9696425760702131, "recall": 0.9696331930246542, "f1-score": 0.969637081285762, "support": 3326}}