{"0.0": {"precision": 0.9708181344450234, "recall": 0.9825949367088608, "f1-score": 0.9766710353866317, "support": 1896, "avg_prec": 0.9942932043332842}, "1.0": {"precision": 0.976545842217484, "recall": 0.9608391608391609, "f1-score": 0.9686288332745858, "support": 1430, "avg_prec": 0.9946671109351721}, "accuracy": 0.9732411304870715, "macro avg": {"precision": 0.9736819883312537, "recall": 0.9717170487740108, "f1-score": 0.9726499343306088, "support": 3326, "avg_prec": 0.9944801576342281}, "weighted avg": {"precision": 0.9732807388090097, "recall": 0.9732411304870715, "f1-score": 0.9732133237148861, "support": 3326}}