{"0.0": {"precision": 0.9546858908341915, "recall": 0.9778481012658228, "f1-score": 0.9661281917665451, "support": 1896, "avg_prec": 0.9935102243564019}, "1.0": {"precision": 0.9696531791907514, "recall": 0.9384615384615385, "f1-score": 0.9538024164889836, "support": 1430, "avg_prec": 0.989817102250062}, "accuracy": 0.9609140108238123, "macro avg": {"precision": 0.9621695350124715, "recall": 0.9581548198636807, "f1-score": 0.9599653041277643, "support": 3326, "avg_prec": 0.991663663303232}, "weighted avg": {"precision": 0.9611210148119066, "recall": 0.9609140108238123, "f1-score": 0.9608287754565893, "support": 3326}}