{"0.0": {"precision": 0.9746300211416491, "recall": 0.9725738396624473, "f1-score": 0.9736008447729673, "support": 1896, "avg_prec": 0.990359256486265}, "1.0": {"precision": 0.9637377963737797, "recall": 0.9664335664335665, "f1-score": 0.9650837988826817, "support": 1430, "avg_prec": 0.9917114007056324}, "accuracy": 0.9699338544798557, "macro avg": {"precision": 0.9691839087577143, "recall": 0.9695037030480069, "f1-score": 0.9693423218278245, "support": 3326, "avg_prec": 0.9910353285959487}, "weighted avg": {"precision": 0.969946953968452, "recall": 0.9699338544798557, "f1-score": 0.9699389759746785, "support": 3326}}