{"0.0": {"precision": 0.9693028095733611, "recall": 0.9825949367088608, "f1-score": 0.9759036144578312, "support": 1896, "avg_prec": 0.9915409185170113}, "1.0": {"precision": 0.9764957264957265, "recall": 0.9587412587412587, "f1-score": 0.9675370501058574, "support": 1430, "avg_prec": 0.9903084322350864}, "accuracy": 0.9723391461214672, "macro avg": {"precision": 0.9728992680345439, "recall": 0.9706680977250597, "f1-score": 0.9717203322818444, "support": 3326, "avg_prec": 0.9909246753760488}, "weighted avg": {"precision": 0.9723953745760618, "recall": 0.9723391461214672, "f1-score": 0.9723064445770969, "support": 3326}}