{"0.0": {"precision": 0.9547325102880658, "recall": 0.9789029535864979, "f1-score": 0.9666666666666666, "support": 1896, "avg_prec": 0.9955098700060031}, "1.0": {"precision": 0.9710564399421129, "recall": 0.9384615384615385, "f1-score": 0.9544807965860598, "support": 1430, "avg_prec": 0.9928598300295067}, "accuracy": 0.9615153337342153, "macro avg": {"precision": 0.9628944751150894, "recall": 0.9586822460240182, "f1-score": 0.9605737316263632, "support": 3326, "avg_prec": 0.9941848500177549}, "weighted avg": {"precision": 0.9617509166035462, "recall": 0.9615153337342153, "f1-score": 0.9614274020198632, "support": 3326}}