{"0.0": {"precision": 0.951081359423275, "recall": 0.9741561181434599, "f1-score": 0.962480458572173, "support": 1896, "avg_prec": 0.9945333693541062}, "1.0": {"precision": 0.9645953757225434, "recall": 0.9335664335664335, "f1-score": 0.9488272921108742, "support": 1430, "avg_prec": 0.9912067683559892}, "accuracy": 0.9567047504509922, "macro avg": {"precision": 0.9578383675729092, "recall": 0.9538612758549467, "f1-score": 0.9556538753415236, "support": 3326, "avg_prec": 0.9928700688550477}, "weighted avg": {"precision": 0.9568916550660753, "recall": 0.9567047504509922, "f1-score": 0.9566103358903758, "support": 3326}}